"","STATE","COUNTY","cases","lat","lon","check"
"1","AK","ANCHORAGE",3,61.287624,-149.486981,"ANCHORAGE"
"2","AK","KENAI-COOK INLET",2,60.554444,-151.258333,"KENAI-COOK INLET"
"3","AK","KETCHIKAN GATEWAY",2,55.400674,-131.67409,"KETCHIKAN GATEWAY"
"4","AK","MATANUSKA-SUSITNA",1,62.257284,-149.633916,"MATANUSKA-SUSITNA"
"5","AL","AUTAUGA",1,32.450328,-86.721712,"AUTAUGA"
"6","AL","BALDWIN",2,30.763492,-87.756371,"BALDWIN"
"7","AL","BARBOUR",1,31.805322,-85.421299,"BARBOUR"
"8","AL","BLOUNT",1,33.922162,-86.449262,"BLOUNT"
"9","AL","BUTLER",2,31.642713,-86.734317,"BUTLER"
"10","AL","CALHOUN",1,33.759768,-85.792328,"CALHOUN"
"11","AL","CHAMBERS",1,32.783137,-85.275581,"CHAMBERS"
"12","AL","CHEROKEE",2,34.359072,-85.611793,"CHEROKEE"
"13","AL","CHILTON",2,32.856632,-86.652875,"CHILTON"
"14","AL","CLAY",2,33.116229,-86.138624,"CLAY"
"15","AL","CLEBURNE",1,33.706595,-85.509902,"CLEBURNE"
"16","AL","DALE",3,31.455485,-85.633907,"DALE"
"17","AL","DALLAS",1,32.43372,-87.055532,"DALLAS"
"18","AL","DE KALB",2,34.337295,-85.85769,"DE KALB"
"19","AL","ELMORE",3,32.505625,-86.332245,"ELMORE"
"20","AL","ESCAMBIA",3,31.129427,-87.096126,"ESCAMBIA"
"21","AL","ETOWAH",2,34.024285,-86.074145,"ETOWAH"
"22","AL","GENEVA",2,31.150094,-85.813687,"GENEVA"
"23","AL","HENRY",2,31.559402,-85.222965,"HENRY"
"24","AL","HOUSTON",2,31.148124,-85.371845,"HOUSTON"
"25","AL","JACKSON",1,34.799983,-85.803464,"JACKSON"
"26","AL","JEFFERSON",12,33.578097,-86.987228,"JEFFERSON"
"27","AL","LAUDERDALE",1,34.942388,-87.273375,"LAUDERDALE"
"28","AL","LEE",2,32.621147,-85.392878,"LEE"
"29","AL","MADISON",7,34.719303,-86.475425,"MADISON"
"30","AL","MARENGO",1,32.384949,-87.824556,"MARENGO"
"31","AL","MARION",1,34.16493,-87.739592,"MARION"
"32","AL","MARSHALL",5,34.393855,-86.365403,"MARSHALL"
"33","AL","MOBILE",7,30.939368,-88.015868,"MOBILE"
"34","AL","MONROE",1,31.56779,-87.250028,"MONROE"
"35","AL","MONTGOMERY",6,32.310624,-86.186132,"MONTGOMERY"
"36","AL","MORGAN",5,34.549833,-86.995551,"MORGAN"
"37","AL","PICKENS",1,33.236962,-88.061517,"PICKENS"
"38","AL","PIKE",1,31.839131,-85.928538,"PIKE"
"39","AL","RUSSELL",1,32.286092,-85.161497,"RUSSELL"
"40","AL","ST. CLAIR",1,33.603543,-86.466833,"ST. CLAIR"
"41","AL","SUMTER",1,32.621168,-88.285932,"SUMTER"
"42","AL","TALLADEGA",3,33.403969,-86.233878,"TALLADEGA"
"43","AL","TALLAPOOSA",3,32.930079,-85.805026,"TALLAPOOSA"
"44","AL","TUSCALOOSA",5,33.241899,-87.597599,"TUSCALOOSA"
"45","AL","WALKER",3,33.804411,-87.202136,"WALKER"
"46","AL","WILCOX",1,31.871803,-87.412893,"WILCOX"
"47","AR","ARKANSAS",1,34.38443,-91.392364,"ARKANSAS"
"48","AR","BAXTER",2,36.42957,-92.325688,"BAXTER"
"49","AR","BENTON",2,36.397805,-94.043837,"BENTON"
"50","AR","BOONE",2,36.295086,-93.092861,"BOONE"
"51","AR","CARROLL",1,36.431111,-93.699392,"CARROLL"
"52","AR","CLAY",1,33.116229,-86.138624,"CLAY"
"53","AR","CLEBURNE",1,33.706595,-85.509902,"CLEBURNE"
"54","AR","CLEVELAND",1,33.866338,-92.276397,"CLEVELAND"
"55","AR","COLUMBIA",2,33.112106,-93.203998,"COLUMBIA"
"56","AR","CRAIGHEAD",1,35.835847,-90.623071,"CRAIGHEAD"
"57","AR","CRAWFORD",1,35.479157,-94.193334,"CRAWFORD"
"58","AR","CRITTENDEN",2,35.210811,-90.203849,"CRITTENDEN"
"59","AR","CROSS",2,35.357184,-90.677331,"CROSS"
"60","AR","GARLAND",6,34.526841,-92.958697,"GARLAND"
"61","AR","GRANT",1,34.152591,-92.304314,"GRANT"
"62","AR","GREENE",2,32.737366,-87.967724,"GREENE"
"63","AR","HEMPSTEAD",1,33.673559,-93.606807,"HEMPSTEAD"
"64","AR","HOT SPRING",1,34.276538,-93.11742,"HOT SPRING"
"65","AR","INDEPENDENCE",1,35.576231,-91.453861,"INDEPENDENCE"
"66","AR","IZARD",1,36.185457,-91.915187,"IZARD"
"67","AR","JACKSON",1,34.799983,-85.803464,"JACKSON"
"68","AR","JEFFERSON",2,33.578097,-86.987228,"JEFFERSON"
"69","AR","LOGAN",1,35.130561,-93.749342,"LOGAN"
"70","AR","LONOKE",2,34.980269,-91.979545,"LONOKE"
"71","AR","MISSISSIPPI",1,35.852046,-89.972762,"MISSISSIPPI"
"72","AR","PHILLIPS",1,34.546696,-90.767879,"PHILLIPS"
"73","AR","POPE",3,35.706942,-92.843116,"POPE"
"74","AR","PRAIRIE",1,34.785525,-91.573785,"PRAIRIE"
"75","AR","PULASKI",9,34.694468,-92.425087,"PULASKI"
"76","AR","SALINE",2,34.509071,-92.482828,"SALINE"
"77","AR","SEBASTIAN",4,35.231245,-94.339412,"SEBASTIAN"
"78","AR","SEVIER",1,33.837053,-94.120289,"SEVIER"
"79","AR","SHARP",1,36.285559,-91.355691,"SHARP"
"80","AR","STONE",1,35.91896,-92.127207,"STONE"
"81","AR","WASHINGTON",8,31.406683,-88.175846,"WASHINGTON"
"82","AR","WHITE",3,35.331399,-91.520754,"WHITE"
"83","AR","YELL",1,35.030397,-93.303203,"YELL"
"84","AZ","APACHE",1,34.177052,-109.240647,"APACHE"
"85","AZ","COCHISE",6,32.035885,-110.262611,"COCHISE"
"86","AZ","COCONINO",1,35.537441,-111.27586,"COCONINO"
"87","AZ","GILA",3,33.576401,-110.855618,"GILA"
"88","AZ","GRAHAM",1,33.038678,-109.785973,"GRAHAM"
"89","AZ","MARICOPA",48,33.703967,-112.351835,"MARICOPA"
"90","AZ","MOHAVE",3,35.74782,-113.8106,"MOHAVE"
"91","AZ","NAVAJO",3,34.570811,-110.032025,"NAVAJO"
"92","AZ","PIMA",17,31.970131,-111.890713,"PIMA"
"93","AZ","PINAL",5,33.393398,-111.478975,"PINAL"
"94","AZ","YAVAPAI",2,34.075451,-112.134005,"YAVAPAI"
"95","AZ","YUMA",1,32.825705,-113.525199,"YUMA"
"96","CA","ALAMEDA",20,37.770563,-122.264779,"ALAMEDA"
"97","CA","BUTTE",4,39.409669,-121.406274,"BUTTE"
"98","CA","COLUSA",2,39.0134,-121.996852,"COLUSA"
"99","CA","CONTRA COSTA",17,37.832075,-121.916718,"CONTRA COSTA"
"100","CA","EL DORADO",8,38.81419,-120.895188,"EL DORADO"
"101","CA","FRESNO",14,36.247025,-120.381432,"FRESNO"
"102","CA","HUMBOLDT",4,40.646324,-124.025773,"HUMBOLDT"
"103","CA","IMPERIAL",3,32.782242,-114.561905,"IMPERIAL"
"104","CA","INYO",2,36.235817,-117.144513,"INYO"
"105","CA","KERN",16,35.311064,-118.659604,"KERN"
"106","CA","LAKE",1,38.946476,-122.657017,"LAKE"
"107","CA","LASSEN",1,41.131506,-121.128616,"LASSEN"
"108","CA","LOS ANGELES",124,33.973951,-118.248405,"LOS ANGELES"
"109","CA","MADERA",2,37.379045,-119.736326,"MADERA"
"110","CA","MARIN",4,37.970948,-122.504286,"MARIN"
"111","CA","MENDOCINO",1,39.168027,-123.393401,"MENDOCINO"
"112","CA","MERCED",2,37.073301,-120.623363,"MERCED"
"113","CA","MONTEREY",8,35.907585,-120.937371,"MONTEREY"
"114","CA","NAPA",2,38.57145,-122.450215,"NAPA"
"115","CA","NEVADA",4,33.70082,-93.294126,"NEVADA"
"116","CA","ORANGE",33,33.640302,-117.769442,"ORANGE"
"117","CA","PLACER",3,39.014933,-121.07047,"PLACER"
"118","CA","PLUMAS",1,39.912222,-120.834958,"PLUMAS"
"119","CA","RIVERSIDE",25,33.752886,-116.055617,"RIVERSIDE"
"120","CA","SACRAMENTO",16,38.380456,-121.555406,"SACRAMENTO"
"121","CA","SAN BERNARDINO",25,34.839964,-115.967051,"SAN BERNARDINO"
"122","CA","SAN DIEGO",33,32.74081,-116.976341,"SAN DIEGO"
"123","CA","SAN FRANCISCO",12,37.784827,-122.727802,"SAN FRANCISCO"
"124","CA","SAN JOAQUIN",5,37.672196,-121.298794,"SAN JOAQUIN"
"125","CA","SAN LUIS OBISPO",3,35.265573,-120.62122,"SAN LUIS OBISPO"
"126","CA","SAN MATEO",6,37.516644,-122.29339,"SAN MATEO"
"127","CA","SANTA BARBARA",4,34.405045,-119.520525,"SANTA BARBARA"
"128","CA","SANTA CLARA",13,37.238842,-121.885066,"SANTA CLARA"
"129","CA","SANTA CRUZ",3,31.609653,-110.563551,"SANTA CRUZ"
"130","CA","SHASTA",5,40.675738,-122.456982,"SHASTA"
"131","CA","SOLANO",4,38.1012,-122.032061,"SOLANO"
"132","CA","SONOMA",9,38.351416,-122.974134,"SONOMA"
"133","CA","STANISLAUS",7,37.561889,-120.967976,"STANISLAUS"
"134","CA","SUTTER",1,38.837134,-121.551933,"SUTTER"
"135","CA","TULARE",4,35.85829,-119.303735,"TULARE"
"136","CA","TUOLUMNE",3,37.822025,-120.241685,"TUOLUMNE"
"137","CA","VENTURA",12,34.032383,-119.1343,"VENTURA"
"138","CA","YOLO",2,38.591854,-121.537801,"YOLO"
"139","CO","ADAMS",7,39.788286,-104.822765,"ADAMS"
"140","CO","ARAPAHOE",7,39.715287,-104.84748,"ARAPAHOE"
"141","CO","BOULDER",3,40.046064,-105.097151,"BOULDER"
"142","CO","DENVER",8,39.726303,-104.856808,"DENVER"
"143","CO","DOUGLAS",1,39.374779,-104.849988,"DOUGLAS"
"144","CO","EL PASO",11,39.086393,-104.807666,"EL PASO"
"145","CO","ELBERT",1,39.382335,-104.084781,"ELBERT"
"146","CO","FREMONT",1,38.477727,-105.507603,"FREMONT"
"147","CO","JEFFERSON",6,33.578097,-86.987228,"JEFFERSON"
"148","CO","LARIMER",7,40.628112,-105.569245,"LARIMER"
"149","CO","LOGAN",1,35.130561,-93.749342,"LOGAN"
"150","CO","MESA",7,39.069019,-108.583126,"MESA"
"151","CO","MONTEZUMA",1,37.373594,-108.662826,"MONTEZUMA"
"152","CO","OTERO",1,38.102941,-103.5367,"OTERO"
"153","CO","PITKIN",2,39.169324,-106.776744,"PITKIN"
"154","CO","PUEBLO",2,38.344117,-104.427776,"PUEBLO"
"155","CO","RIO GRANDE",1,37.644684,-106.407311,"RIO GRANDE"
"156","CO","SEDGWICK",1,40.875606,-102.351994,"SEDGWICK"
"157","CO","WELD",2,40.129416,-104.970816,"WELD"
"158","CT","FAIRFIELD",22,41.165097,-73.129186,"FAIRFIELD"
"159","CT","HARTFORD",11,41.757944,-72.728272,"HARTFORD"
"160","CT","LITCHFIELD",3,42.001585,-73.295891,"LITCHFIELD"
"161","CT","MIDDLESEX",5,41.349098,-72.41338,"MIDDLESEX"
"162","CT","NEW HAVEN",14,41.342514,-73.070301,"NEW HAVEN"
"163","CT","NEW LONDON",7,41.628008,-72.245422,"NEW LONDON"
"164","CT","TOLLAND",2,41.849319,-72.411777,"TOLLAND"
"165","CT","WINDHAM",4,41.845504,-72.091889,"WINDHAM"
"166","DC","THE DISTRICT",16,38.911936,-77.016719,"THE DISTRICT"
"167","DE","KENT",7,39.156376,-75.49549,"KENT"
"168","DE","NEW CASTLE",9,39.594736,-75.693903,"NEW CASTLE"
"169","DE","SUSSEX",6,38.555533,-75.186955,"SUSSEX"
"170","FL","ALACHUA",11,29.68041,-82.345739,"ALACHUA"
"171","FL","BAY",3,30.1922,-85.663027,"BAY"
"172","FL","BREVARD",5,28.699314,-80.895344,"BREVARD"
"173","FL","BROWARD",36,26.062416,-80.159667,"BROWARD"
"174","FL","CHARLOTTE",7,26.901981,-82.000005,"CHARLOTTE"
"175","FL","CITRUS",7,28.867027,-82.572703,"CITRUS"
"176","FL","COLLIER",9,25.855534,-81.38719,"COLLIER"
"177","FL","COLUMBIA",2,33.112106,-93.203998,"COLUMBIA"
"178","FL","DE SOTO",2,27.186146,-81.809939,"DE SOTO"
"179","FL","DIXIE",1,29.680616,-83.089669,"DIXIE"
"180","FL","DUVAL",14,30.337538,-81.768622,"DUVAL"
"181","FL","ESCAMBIA",6,31.129427,-87.096126,"ESCAMBIA"
"182","FL","FLAGLER",3,29.402177,-81.33425,"FLAGLER"
"183","FL","FRANKLIN",1,34.373392,-87.946916,"FRANKLIN"
"184","FL","GILCHRIST",1,29.749093,-82.865081,"GILCHRIST"
"185","FL","GULF",2,29.9323,-85.235414,"GULF"
"186","FL","HENDRY",1,26.630066,-81.090897,"HENDRY"
"187","FL","HERNANDO",14,28.586197,-82.395858,"HERNANDO"
"188","FL","HILLSBOROUGH",16,27.764761,-82.273409,"HILLSBOROUGH"
"189","FL","HOLMES",1,30.875532,-85.684243,"HOLMES"
"190","FL","INDIAN RIVER",1,27.775251,-80.609403,"INDIAN RIVER"
"191","FL","JACKSON",3,34.799983,-85.803464,"JACKSON"
"192","FL","LAKE",12,38.946476,-122.657017,"LAKE"
"193","FL","LEE",11,32.621147,-85.392878,"LEE"
"194","FL","LEON",5,30.418514,-84.203379,"LEON"
"195","FL","MADISON",1,34.719303,-86.475425,"MADISON"
"196","FL","MANATEE",12,27.404731,-82.470456,"MANATEE"
"197","FL","MARION",10,34.16493,-87.739592,"MARION"
"198","FL","MARTIN",3,27.050934,-80.158594,"MARTIN"
"199","FL","MIAMI-DADE",45,25.558428,-80.458168,"MIAMI-DADE"
"200","FL","MONROE",1,31.56779,-87.250028,"MONROE"
"201","FL","NASSAU",1,30.521109,-81.906051,"NASSAU"
"202","FL","OKALOOSA",6,30.85525,-86.674139,"OKALOOSA"
"203","FL","OKEECHOBEE",2,27.420316,-80.945361,"OKEECHOBEE"
"204","FL","ORANGE",8,33.640302,-117.769442,"ORANGE"
"205","FL","OSCEOLA",4,28.263489,-81.512387,"OSCEOLA"
"206","FL","PALM BEACH",32,26.672643,-80.070613,"PALM BEACH"
"207","FL","PASCO",8,28.36886,-82.322756,"PASCO"
"208","FL","PINELLAS",25,27.775654,-82.64092,"PINELLAS"
"209","FL","POLK",16,34.537164,-94.0972,"POLK"
"210","FL","SARASOTA",20,27.143931,-82.404959,"SARASOTA"
"211","FL","SEMINOLE",6,28.666625,-81.365039,"SEMINOLE"
"212","FL","ST. JOHNS",6,29.937673,-81.420603,"ST. JOHNS"
"213","FL","ST. LUCIE",9,27.412128,-80.534169,"ST. LUCIE"
"214","FL","SUMTER",1,32.621168,-88.285932,"SUMTER"
"215","FL","SUWANNEE",1,30.101927,-82.908004,"SUWANNEE"
"216","FL","TAYLOR",1,29.931864,-83.55146,"TAYLOR"
"217","FL","VOLUSIA",9,29.200508,-81.406458,"VOLUSIA"
"218","FL","WAKULLA",1,30.130775,-84.406629,"WAKULLA"
"219","FL","WALTON",1,30.705557,-86.031448,"WALTON"
"220","FL","WASHINGTON",1,31.406683,-88.175846,"WASHINGTON"
"221","GA","BALDWIN",1,30.763492,-87.756371,"BALDWIN"
"222","GA","BARROW",2,34.019109,-83.826094,"BARROW"
"223","GA","BARTOW",1,34.296339,-84.909216,"BARTOW"
"224","GA","BERRIEN",1,31.383968,-83.221348,"BERRIEN"
"225","GA","BIBB",7,32.989499,-87.220392,"BIBB"
"226","GA","BULLOCH",2,32.352307,-81.6571,"BULLOCH"
"227","GA","CALHOUN",1,33.759768,-85.792328,"CALHOUN"
"228","GA","CARROLL",1,36.431111,-93.699392,"CARROLL"
"229","GA","CHATHAM",5,32.107103,-81.291335,"CHATHAM"
"230","GA","CHATTOOGA",1,34.392073,-85.417428,"CHATTOOGA"
"231","GA","CHEROKEE",1,34.359072,-85.611793,"CHEROKEE"
"232","GA","CLARKE",1,31.58842,-87.840875,"CLARKE"
"233","GA","CLAYTON",3,33.518505,-84.337523,"CLAYTON"
"234","GA","COBB",15,33.912473,-84.557181,"COBB"
"235","GA","COFFEE",1,31.407434,-86.083517,"COFFEE"
"236","GA","COLQUITT",1,31.080682,-83.649138,"COLQUITT"
"237","GA","COLUMBIA",3,33.112106,-93.203998,"COLUMBIA"
"238","GA","COOK",1,31.151742,-83.407143,"COOK"
"239","GA","COWETA",5,33.275619,-84.741266,"COWETA"
"240","GA","CRISP",1,31.917178,-83.785365,"CRISP"
"241","GA","DAWSON",1,34.453661,-84.155043,"DAWSON"
"242","GA","DE KALB",12,34.337295,-85.85769,"DE KALB"
"243","GA","DECATUR",1,30.835331,-84.511949,"DECATUR"
"244","GA","DOOLY",1,32.185828,-83.901376,"DOOLY"
"245","GA","DOUGHERTY",1,31.560674,-84.176751,"DOUGHERTY"
"246","GA","DOUGLAS",2,39.374779,-104.849988,"DOUGLAS"
"247","GA","EARLY",2,31.346088,-84.901178,"EARLY"
"248","GA","ELBERT",2,39.382335,-104.084781,"ELBERT"
"249","GA","EMANUEL",1,32.569871,-82.346181,"EMANUEL"
"250","GA","FANNIN",1,34.831246,-84.331339,"FANNIN"
"251","GA","FAYETTE",6,33.712675,-87.774117,"FAYETTE"
"252","GA","FLOYD",3,34.479253,-85.149208,"FLOYD"
"253","GA","FORSYTH",1,34.193041,-84.092588,"FORSYTH"
"254","GA","FRANKLIN",2,34.373392,-87.946916,"FRANKLIN"
"255","GA","FULTON",8,36.374704,-91.804608,"FULTON"
"256","GA","GORDON",3,34.462493,-84.743027,"GORDON"
"257","GA","GRADY",1,30.857503,-84.22903,"GRADY"
"258","GA","GWINNETT",10,33.960353,-84.037859,"GWINNETT"
"259","GA","HALL",3,34.334398,-83.837912,"HALL"
"260","GA","HENRY",3,31.559402,-85.222965,"HENRY"
"261","GA","HOUSTON",1,31.148124,-85.371845,"HOUSTON"
"262","GA","JACKSON",1,34.799983,-85.803464,"JACKSON"
"263","GA","JASPER",2,33.431362,-83.790756,"JASPER"
"264","GA","JEFF DAVIS",1,31.795977,-82.707079,"JEFF DAVIS"
"265","GA","JEFFERSON",1,33.578097,-86.987228,"JEFFERSON"
"266","GA","JONES",1,32.991607,-83.567362,"JONES"
"267","GA","LAMAR",1,33.950211,-88.018981,"LAMAR"
"268","GA","LANIER",1,31.035327,-83.098737,"LANIER"
"269","GA","LAURENS",3,32.50631,-82.713743,"LAURENS"
"270","GA","LEE",1,32.621147,-85.392878,"LEE"
"271","GA","LIBERTY",1,30.419284,-84.97804,"LIBERTY"
"272","GA","LONG",2,31.780996,-81.773916,"LONG"
"273","GA","LOWNDES",2,32.01285,-86.608238,"LOWNDES"
"274","GA","LUMPKIN",1,34.541371,-84.024387,"LUMPKIN"
"275","GA","MACON",1,32.250651,-85.752417,"MACON"
"276","GA","MADISON",1,34.719303,-86.475425,"MADISON"
"277","GA","MERIWETHER",2,33.06913,-84.613189,"MERIWETHER"
"278","GA","MONTGOMERY",1,32.310624,-86.186132,"MONTGOMERY"
"279","GA","MURRAY",1,34.785543,-84.771623,"MURRAY"
"280","GA","MUSCOGEE",5,32.563874,-84.991501,"MUSCOGEE"
"281","GA","OCONEE",2,33.805718,-83.48171,"OCONEE"
"282","GA","PAULDING",2,33.935396,-84.866654,"PAULDING"
"283","GA","PEACH",2,32.618051,-83.788976,"PEACH"
"284","GA","PIKE",1,31.839131,-85.928538,"PIKE"
"285","GA","PUTNAM",2,29.799631,-81.627324,"PUTNAM"
"286","GA","RICHMOND",6,33.359709,-82.198897,"RICHMOND"
"287","GA","ROCKDALE",3,33.719178,-84.002061,"ROCKDALE"
"288","GA","SPALDING",1,33.278205,-84.288803,"SPALDING"
"289","GA","SUMTER",2,32.621168,-88.285932,"SUMTER"
"290","GA","THOMAS",1,30.828644,-83.910971,"THOMAS"
"291","GA","TIFT",1,31.44172,-83.503715,"TIFT"
"292","GA","TOOMBS",2,32.129147,-82.330546,"TOOMBS"
"293","GA","TREUTLEN",1,32.383145,-82.557135,"TREUTLEN"
"294","GA","TROUP",1,33.144151,-84.960566,"TROUP"
"295","GA","UNION",1,33.266043,-92.597514,"UNION"
"296","GA","WALKER",1,33.804411,-87.202136,"WALKER"
"297","GA","WALTON",1,30.705557,-86.031448,"WALTON"
"298","GA","WARE",2,31.224262,-82.359628,"WARE"
"299","GA","WAYNE",1,31.600775,-81.957787,"WAYNE"
"300","GA","WHEELER",1,32.143021,-82.82677,"WHEELER"
"301","GA","WHITFIELD",4,34.867821,-84.919498,"WHITFIELD"
"302","GA","WILCOX",1,31.871803,-87.412893,"WILCOX"
"303","GA","WILKES",1,33.763817,-82.899831,"WILKES"
"304","GA","WORTH",1,31.726629,-83.959728,"WORTH"
"305","HI","HAWAII",3,19.269226,-155.757929,"HAWAII"
"306","HI","HONOLULU",12,21.39065,-157.927829,"HONOLULU"
"307","HI","KAUAI",3,22.055787,-159.454519,"KAUAI"
"308","HI","MAUI",4,20.849675,-156.165622,"MAUI"
"309","IA","ALLAMAKEE",1,43.43073,-91.509087,"ALLAMAKEE"
"310","IA","APPANOOSE",1,40.686447,-92.881614,"APPANOOSE"
"311","IA","BLACK HAWK",7,42.517091,-92.43585,"BLACK HAWK"
"312","IA","BOONE",1,36.295086,-93.092861,"BOONE"
"313","IA","BUCHANAN",1,42.570346,-91.748063,"BUCHANAN"
"314","IA","CALHOUN",1,33.759768,-85.792328,"CALHOUN"
"315","IA","CARROLL",1,36.431111,-93.699392,"CARROLL"
"316","IA","CASS",1,41.390677,-94.813882,"CASS"
"317","IA","CERRO GORDO",1,43.116477,-93.270559,"CERRO GORDO"
"318","IA","CHEROKEE",1,34.359072,-85.611793,"CHEROKEE"
"319","IA","CLARKE",1,31.58842,-87.840875,"CLARKE"
"320","IA","CLINTON",1,41.9604,-90.636408,"CLINTON"
"321","IA","DAVIS",1,40.746315,-92.406245,"DAVIS"
"322","IA","DES MOINES",2,40.898412,-91.164393,"DES MOINES"
"323","IA","DUBUQUE",2,42.458876,-90.877135,"DUBUQUE"
"324","IA","FAYETTE",1,33.712675,-87.774117,"FAYETTE"
"325","IA","FREMONT",1,38.477727,-105.507603,"FREMONT"
"326","IA","HANCOCK",1,33.257068,-83.08922,"HANCOCK"
"327","IA","HOWARD",1,34.136218,-94.044286,"HOWARD"
"328","IA","IDA",1,42.359052,-95.546574,"IDA"
"329","IA","JASPER",1,33.431362,-83.790756,"JASPER"
"330","IA","JEFFERSON",1,33.578097,-86.987228,"JEFFERSON"
"331","IA","JOHNSON",4,35.473886,-93.516564,"JOHNSON"
"332","IA","LEE",3,32.621147,-85.392878,"LEE"
"333","IA","LINN",8,42.157086,-91.645825,"LINN"
"334","IA","MARSHALL",1,34.393855,-86.365403,"MARSHALL"
"335","IA","MUSCATINE",1,41.475075,-91.16406,"MUSCATINE"
"336","IA","POCAHONTAS",1,42.646211,-94.797046,"POCAHONTAS"
"337","IA","POLK",8,34.537164,-94.0972,"POLK"
"338","IA","POTTAWATTAMIE",2,41.23238,-95.875086,"POTTAWATTAMIE"
"339","IA","POWESHIEK",1,41.685324,-92.630258,"POWESHIEK"
"340","IA","SCOTT",2,34.882558,-94.079724,"SCOTT"
"341","IA","STORY",1,42.037879,-93.600254,"STORY"
"342","IA","TAMA",1,41.95619,-92.712756,"TAMA"
"343","IA","WARREN",3,33.447102,-82.642214,"WARREN"
"344","IA","WEBSTER",1,32.076133,-84.543517,"WEBSTER"
"345","IA","WINNEBAGO",1,43.37731,-93.803062,"WINNEBAGO"
"346","IA","WOODBURY",3,42.336668,-95.962495,"WOODBURY"
"347","IA","WRIGHT",1,42.651566,-93.582732,"WRIGHT"
"348","ID","ADA",4,43.735179,-116.41033,"ADA"
"349","ID","BANNOCK",1,42.770177,-112.259807,"BANNOCK"
"350","ID","BENEWAH",1,47.146411,-116.915483,"BENEWAH"
"351","ID","BONNEVILLE",2,43.516701,-111.691535,"BONNEVILLE"
"352","ID","CASSIA",1,42.339326,-113.461324,"CASSIA"
"353","ID","GOODING",1,42.918993,-114.887601,"GOODING"
"354","ID","IDAHO",1,45.688686,-115.596198,"IDAHO"
"355","ID","KOOTENAI",2,47.922361,-116.686007,"KOOTENAI"
"356","ID","LATAH",1,46.582376,-116.739999,"LATAH"
"357","ID","LEMHI",1,44.968059,-113.816735,"LEMHI"
"358","ID","NEZ PERCE",2,46.3646,-116.860852,"NEZ PERCE"
"359","ID","PAYETTE",2,43.974615,-116.900775,"PAYETTE"
"360","ID","TWIN FALLS",2,42.443224,-114.629497,"TWIN FALLS"
"361","ID","WASHINGTON",1,31.406683,-88.175846,"WASHINGTON"
"362","IL","ADAMS",3,39.788286,-104.822765,"ADAMS"
"363","IL","BOONE",1,36.295086,-93.092861,"BOONE"
"364","IL","CARROLL",2,36.431111,-93.699392,"CARROLL"
"365","IL","CASS",1,41.390677,-94.813882,"CASS"
"366","IL","CHAMPAIGN",2,40.370897,-88.152546,"CHAMPAIGN"
"367","IL","CHRISTIAN",2,39.37433,-89.198256,"CHRISTIAN"
"368","IL","COLES",1,39.531041,-88.040616,"COLES"
"369","IL","COOK",94,31.151742,-83.407143,"COOK"
"370","IL","DE KALB",1,34.337295,-85.85769,"DE KALB"
"371","IL","DE WITT",1,29.093677,-97.260776,"DE WITT"
"372","IL","DOUGLAS",1,39.374779,-104.849988,"DOUGLAS"
"373","IL","DU PAGE",24,41.887579,-88.022516,"DU PAGE"
"374","IL","EFFINGHAM",1,32.488015,-81.322392,"EFFINGHAM"
"375","IL","FRANKLIN",1,34.373392,-87.946916,"FRANKLIN"
"376","IL","GALLATIN",1,37.887676,-88.146409,"GALLATIN"
"377","IL","GRUNDY",2,42.260476,-92.806788,"GRUNDY"
"378","IL","HANCOCK",2,33.257068,-83.08922,"HANCOCK"
"379","IL","HARDIN",1,42.430997,-93.390638,"HARDIN"
"380","IL","HENDERSON",1,40.853583,-90.864536,"HENDERSON"
"381","IL","HENRY",3,31.559402,-85.222965,"HENRY"
"382","IL","JACKSON",1,34.799983,-85.803464,"JACKSON"
"383","IL","JEFFERSON",2,33.578097,-86.987228,"JEFFERSON"
"384","IL","KANE",9,42.045792,-88.539027,"KANE"
"385","IL","KANKAKEE",1,41.111151,-87.874618,"KANKAKEE"
"386","IL","KENDALL",1,41.698414,-88.427873,"KENDALL"
"387","IL","KNOX",1,40.964613,-90.213654,"KNOX"
"388","IL","LA SALLE",3,41.172532,-88.663755,"LA SALLE"
"389","IL","LAKE",12,38.946476,-122.657017,"LAKE"
"390","IL","LEE",2,32.621147,-85.392878,"LEE"
"391","IL","LIVINGSTON",3,41.059551,-88.417086,"LIVINGSTON"
"392","IL","MACON",3,32.250651,-85.752417,"MACON"
"393","IL","MADISON",5,34.719303,-86.475425,"MADISON"
"394","IL","MARION",2,34.16493,-87.739592,"MARION"
"395","IL","MARSHALL",1,34.393855,-86.365403,"MARSHALL"
"396","IL","MASON",1,40.305929,-89.8716,"MASON"
"397","IL","MC HENRY",8,42.303999,-88.401604,"MC HENRY"
"398","IL","MC LEAN",1,40.462041,-88.850396,"MC LEAN"
"399","IL","MORGAN",1,34.549833,-86.995551,"MORGAN"
"400","IL","OGLE",1,41.931158,-88.956564,"OGLE"
"401","IL","PEORIA",6,40.938808,-89.889949,"PEORIA"
"402","IL","RANDOLPH",1,33.456308,-85.369167,"RANDOLPH"
"403","IL","ROCK ISLAND",7,41.495083,-90.604899,"ROCK ISLAND"
"404","IL","SANGAMON",4,39.849893,-89.387944,"SANGAMON"
"405","IL","ST. CLAIR",8,33.603543,-86.466833,"ST. CLAIR"
"406","IL","STEPHENSON",1,42.376127,-89.636483,"STEPHENSON"
"407","IL","TAZEWELL",4,40.425189,-89.62064,"TAZEWELL"
"408","IL","VERMILION",3,40.344417,-87.701583,"VERMILION"
"409","IL","WHITESIDE",1,41.786534,-89.761042,"WHITESIDE"
"410","IL","WILL",7,41.356872,-87.626723,"WILL"
"411","IL","WILLIAMSON",2,37.80308,-89.009201,"WILLIAMSON"
"412","IL","WINNEBAGO",7,43.37731,-93.803062,"WINNEBAGO"
"413","IL","WOODFORD",1,40.853248,-89.131937,"WOODFORD"
"414","IN","ADAMS",2,39.788286,-104.822765,"ADAMS"
"415","IN","ALLEN",7,41.103797,-85.292474,"ALLEN"
"416","IN","BARTHOLOMEW",1,39.191447,-85.891338,"BARTHOLOMEW"
"417","IN","BLACKFORD",1,40.472672,-85.326447,"BLACKFORD"
"418","IN","BOONE",1,36.295086,-93.092861,"BOONE"
"419","IN","CLARK",7,34.055486,-93.189406,"CLARK"
"420","IN","DAVIESS",1,38.689503,-87.121505,"DAVIESS"
"421","IN","DEARBORN",1,39.091081,-84.988904,"DEARBORN"
"422","IN","DELAWARE",2,42.457286,-91.564233,"DELAWARE"
"423","IN","ELKHART",4,41.712983,-85.824845,"ELKHART"
"424","IN","FLOYD",1,34.479253,-85.149208,"FLOYD"
"425","IN","FOUNTAIN",2,40.240204,-87.213921,"FOUNTAIN"
"426","IN","GRANT",1,34.152591,-92.304314,"GRANT"
"427","IN","HAMILTON",4,30.495814,-82.985428,"HAMILTON"
"428","IN","HANCOCK",1,33.257068,-83.08922,"HANCOCK"
"429","IN","HARRISON",1,41.779196,-95.716392,"HARRISON"
"430","IN","HENRY",1,31.559402,-85.222965,"HENRY"
"431","IN","HOWARD",3,34.136218,-94.044286,"HOWARD"
"432","IN","HUNTINGTON",1,40.820278,-85.597862,"HUNTINGTON"
"433","IN","JAY",1,40.54116,-84.982803,"JAY"
"434","IN","KNOX",2,40.964613,-90.213654,"KNOX"
"435","IN","KOSCIUSKO",5,41.254035,-85.969708,"KOSCIUSKO"
"436","IN","LA PORTE",3,41.378592,-86.788687,"LA PORTE"
"437","IN","LAKE",6,38.946476,-122.657017,"LAKE"
"438","IN","MADISON",1,34.719303,-86.475425,"MADISON"
"439","IN","MARION",21,34.16493,-87.739592,"MARION"
"440","IN","MARSHALL",1,34.393855,-86.365403,"MARSHALL"
"441","IN","MONROE",2,31.56779,-87.250028,"MONROE"
"442","IN","MORGAN",1,34.549833,-86.995551,"MORGAN"
"443","IN","NEWTON",1,35.924868,-93.232298,"NEWTON"
"444","IN","PORTER",1,41.683796,-86.975178,"PORTER"
"445","IN","POSEY",1,38.175698,-87.711423,"POSEY"
"446","IN","RANDOLPH",1,33.456308,-85.369167,"RANDOLPH"
"447","IN","RIPLEY",1,39.19017,-85.229151,"RIPLEY"
"448","IN","SHELBY",1,33.193415,-86.794377,"SHELBY"
"449","IN","ST. JOSEPH",6,41.734912,-86.139868,"ST. JOSEPH"
"450","IN","STARKE",2,41.25163,-86.735127,"STARKE"
"451","IN","SULLIVAN",2,38.966806,-87.384354,"SULLIVAN"
"452","IN","TIPPECANOE",1,40.39905,-86.830286,"TIPPECANOE"
"453","IN","VANDERBURGH",2,37.997128,-87.574963,"VANDERBURGH"
"454","IN","VERMILLION",1,39.877847,-87.443566,"VERMILLION"
"455","IN","VIGO",1,39.433602,-87.410094,"VIGO"
"456","IN","WABASH",2,38.527638,-87.706344,"WABASH"
"457","IN","WARRICK",2,38.04247,-87.287145,"WARRICK"
"458","IN","WASHINGTON",1,31.406683,-88.175846,"WASHINGTON"
"459","IN","WAYNE",5,31.600775,-81.957787,"WAYNE"
"460","IN","WHITE",1,35.331399,-91.520754,"WHITE"
"461","IN","WHITLEY",1,41.190811,-85.389672,"WHITLEY"
"462","KS","BOURBON",1,37.821629,-94.714793,"BOURBON"
"463","KS","BROWN",1,39.978147,-90.756924,"BROWN"
"464","KS","BUTLER",1,31.642713,-86.734317,"BUTLER"
"465","KS","CHEROKEE",2,34.359072,-85.611793,"CHEROKEE"
"466","KS","COFFEY",1,38.236316,-95.733598,"COFFEY"
"467","KS","COWLEY",1,37.149582,-96.904215,"COWLEY"
"468","KS","DOUGLAS",2,39.374779,-104.849988,"DOUGLAS"
"469","KS","FORD",1,40.967141,-88.188841,"FORD"
"470","KS","FRANKLIN",1,34.373392,-87.946916,"FRANKLIN"
"471","KS","GEARY",2,39.026465,-96.783359,"GEARY"
"472","KS","JACKSON",1,34.799983,-85.803464,"JACKSON"
"473","KS","JEFFERSON",2,33.578097,-86.987228,"JEFFERSON"
"474","KS","JOHNSON",8,35.473886,-93.516564,"JOHNSON"
"475","KS","KEARNY",1,37.964591,-101.190998,"KEARNY"
"476","KS","LEAVENWORTH",2,39.133448,-94.947234,"LEAVENWORTH"
"477","KS","LINN",1,42.157086,-91.645825,"LINN"
"478","KS","MARSHALL",1,34.393855,-86.365403,"MARSHALL"
"479","KS","MONTGOMERY",3,32.310624,-86.186132,"MONTGOMERY"
"480","KS","MORRIS",1,38.565758,-96.801336,"MORRIS"
"481","KS","OSAGE",1,38.73799,-95.815754,"OSAGE"
"482","KS","RENO",2,37.954312,-97.88569,"RENO"
"483","KS","SALINE",1,34.509071,-92.482828,"SALINE"
"484","KS","SEDGWICK",7,40.875606,-102.351994,"SEDGWICK"
"485","KS","SEWARD",2,37.204223,-100.701401,"SEWARD"
"486","KS","SHAWNEE",1,38.916916,-95.839181,"SHAWNEE"
"487","KS","SHERMAN",1,39.366545,-101.49405,"SHERMAN"
"488","KS","STAFFORD",1,38.166197,-98.628964,"STAFFORD"
"489","KS","SUMNER",1,37.248959,-97.690887,"SUMNER"
"490","KS","THOMAS",2,30.828644,-83.910971,"THOMAS"
"491","KS","WYANDOTTE",5,39.068153,-94.763938,"WYANDOTTE"
"492","KY","ADAIR",2,41.439109,-94.633805,"ADAIR"
"493","KY","BOONE",1,36.295086,-93.092861,"BOONE"
"494","KY","BOYD",1,38.43296,-82.693914,"BOYD"
"495","KY","BOYLE",1,37.636006,-84.849682,"BOYLE"
"496","KY","CALDWELL",2,37.201173,-87.988003,"CALDWELL"
"497","KY","CALLOWAY",2,36.690186,-88.283872,"CALLOWAY"
"498","KY","CAMPBELL",3,38.921584,-84.374584,"CAMPBELL"
"499","KY","CHRISTIAN",1,39.37433,-89.198256,"CHRISTIAN"
"500","KY","CLARK",1,34.055486,-93.189406,"CLARK"
"501","KY","CLINTON",1,41.9604,-90.636408,"CLINTON"
"502","KY","ELLIOTT",2,38.131568,-83.079708,"ELLIOTT"
"503","KY","ESTILL",1,37.70424,-83.944815,"ESTILL"
"504","KY","FAYETTE",7,33.712675,-87.774117,"FAYETTE"
"505","KY","FLOYD",2,34.479253,-85.149208,"FLOYD"
"506","KY","FRANKLIN",6,34.373392,-87.946916,"FRANKLIN"
"507","KY","GARRARD",1,37.651397,-84.546693,"GARRARD"
"508","KY","GRAYSON",2,37.552184,-86.483592,"GRAYSON"
"509","KY","GREEN",1,37.27586,-85.519334,"GREEN"
"510","KY","GREENUP",1,38.511714,-82.872362,"GREENUP"
"511","KY","HANCOCK",1,33.257068,-83.08922,"HANCOCK"
"512","KY","HARDIN",2,42.430997,-93.390638,"HARDIN"
"513","KY","HARRISON",1,41.779196,-95.716392,"HARRISON"
"514","KY","HART",1,34.383987,-83.03321,"HART"
"515","KY","HENDERSON",2,40.853583,-90.864536,"HENDERSON"
"516","KY","HOPKINS",1,37.220571,-87.624098,"HOPKINS"
"517","KY","JEFFERSON",23,33.578097,-86.987228,"JEFFERSON"
"518","KY","JOHNSON",3,35.473886,-93.516564,"JOHNSON"
"519","KY","KENTON",1,39.05906,-84.542748,"KENTON"
"520","KY","LARUE",1,37.485493,-85.626798,"LARUE"
"521","KY","LAUREL",1,37.152074,-84.140847,"LAUREL"
"522","KY","LAWRENCE",1,34.673954,-87.28962,"LAWRENCE"
"523","KY","LOGAN",2,35.130561,-93.749342,"LOGAN"
"524","KY","MADISON",2,34.719303,-86.475425,"MADISON"
"525","KY","MAGOFFIN",1,37.690636,-83.074592,"MAGOFFIN"
"526","KY","MARION",1,34.16493,-87.739592,"MARION"
"527","KY","MARSHALL",1,34.393855,-86.365403,"MARSHALL"
"528","KY","MARTIN",3,27.050934,-80.158594,"MARTIN"
"529","KY","MASON",1,40.305929,-89.8716,"MASON"
"530","KY","MC CRACKEN",2,37.031586,-88.713292,"MC CRACKEN"
"531","KY","MEADE",2,37.279983,-100.211034,"MEADE"
"532","KY","OHIO",1,38.958134,-84.984085,"OHIO"
"533","KY","PERRY",1,32.608995,-87.350401,"PERRY"
"534","KY","PIKE",2,31.839131,-85.928538,"PIKE"
"535","KY","ROWAN",1,38.128726,-83.442495,"ROWAN"
"536","KY","SCOTT",1,34.882558,-94.079724,"SCOTT"
"537","KY","SHELBY",2,33.193415,-86.794377,"SHELBY"
"538","KY","SPENCER",1,38.149611,-86.946217,"SPENCER"
"539","KY","WARREN",5,33.447102,-82.642214,"WARREN"
"540","KY","WHITLEY",1,41.190811,-85.389672,"WHITLEY"
"541","LA","ASCENSION",3,30.159584,-90.967424,"ASCENSION"
"542","LA","ASSUMPTION",1,29.947562,-91.188549,"ASSUMPTION"
"543","LA","BOSSIER",1,32.725032,-93.63759,"BOSSIER"
"544","LA","CADDO",4,32.774283,-93.883624,"CADDO"
"545","LA","CALCASIEU",5,30.233355,-93.214903,"CALCASIEU"
"546","LA","DE SOTO",1,27.186146,-81.809939,"DE SOTO"
"547","LA","E. BATON ROUGE",4,30.51589,-91.080373,"E. BATON ROUGE"
"548","LA","EAST FELICIANA",1,30.842734,-90.960294,"EAST FELICIANA"
"549","LA","GRANT",1,34.152591,-92.304314,"GRANT"
"550","LA","IBERIA",1,30.045066,-91.878675,"IBERIA"
"551","LA","IBERVILLE",1,30.261384,-91.36026,"IBERVILLE"
"552","LA","JEFFERSON",10,33.578097,-86.987228,"JEFFERSON"
"553","LA","JEFFRSON DAVIS",2,30.426249,-92.71368,"JEFFRSON DAVIS"
"554","LA","LAFAYETTE",4,33.202695,-93.556966,"LAFAYETTE"
"555","LA","LAFOURCHE",3,29.640426,-90.599039,"LAFOURCHE"
"556","LA","LIVINGSTON",3,41.059551,-88.417086,"LIVINGSTON"
"557","LA","MOREHOUSE",1,32.795041,-91.873723,"MOREHOUSE"
"558","LA","NATCHITOCHES",1,32.137843,-93.090606,"NATCHITOCHES"
"559","LA","ORLEANS",7,29.958304,-90.077,"ORLEANS"
"560","LA","OUACHITA",2,33.594817,-92.851335,"OUACHITA"
"561","LA","POINTE COUPEE",1,30.829754,-91.694354,"POINTE COUPEE"
"562","LA","RAPIDES",2,31.175885,-92.431184,"RAPIDES"
"563","LA","ST. CHARLES",1,29.841219,-90.430699,"ST. CHARLES"
"564","LA","ST. HELENA",1,30.657123,-90.651536,"ST. HELENA"
"565","LA","ST. JOHN BAPTIST",2,30.033264,-90.575432,"ST. JOHN BAPTIST"
"566","LA","ST. LANDRY",3,30.474902,-91.967292,"ST. LANDRY"
"567","LA","ST. TAMMANY",4,30.477483,-89.955328,"ST. TAMMANY"
"568","LA","TANGIPAHOA",3,30.549037,-90.464466,"TANGIPAHOA"
"569","LA","TERREBONNE",2,29.543768,-90.607587,"TERREBONNE"
"570","LA","UNION",2,33.266043,-92.597514,"UNION"
"571","LA","W. BATON ROUGE",1,30.362992,-91.263088,"W. BATON ROUGE"
"572","LA","WEBSTER",1,32.076133,-84.543517,"WEBSTER"
"573","MA","BARNSTABLE",7,41.745505,-70.590471,"BARNSTABLE"
"574","MA","BERKSHIRE",1,42.190904,-73.051661,"BERKSHIRE"
"575","MA","BRISTOL",13,41.998799,-71.200894,"BRISTOL"
"576","MA","ESSEX",10,42.647991,-71.165685,"ESSEX"
"577","MA","HAMPDEN",17,42.140549,-72.788661,"HAMPDEN"
"578","MA","HAMPSHIRE",3,42.367092,-72.464571,"HAMPSHIRE"
"579","MA","MIDDLESEX",32,41.349098,-72.41338,"MIDDLESEX"
"580","MA","NORFOLK",13,42.076501,-71.470464,"NORFOLK"
"581","MA","PLYMOUTH",13,42.822482,-96.462952,"PLYMOUTH"
"582","MA","SUFFOLK",11,42.370567,-71.026964,"SUFFOLK"
"583","MA","WORCESTER",14,42.32916,-72.139465,"WORCESTER"
"584","MD","ALLEGANY",3,39.580691,-78.690593,"ALLEGANY"
"585","MD","ANNE ARUNDEL",6,38.802263,-76.645735,"ANNE ARUNDEL"
"586","MD","BALTIMORE",20,39.496406,-76.486624,"BALTIMORE"
"587","MD","BALTIMORE CITY",13,39.296536,-76.623489,"BALTIMORE CITY"
"588","MD","CALVERT",1,38.444727,-76.533026,"CALVERT"
"589","MD","CAROLINE",1,38.740562,-75.958683,"CAROLINE"
"590","MD","CARROLL",2,36.431111,-93.699392,"CARROLL"
"591","MD","CECIL",1,39.535078,-75.894051,"CECIL"
"592","MD","DORCHESTER",2,38.479813,-76.079864,"DORCHESTER"
"593","MD","FREDERICK",1,39.512748,-77.369299,"FREDERICK"
"594","MD","HARFORD",6,39.499909,-76.231177,"HARFORD"
"595","MD","HOWARD",3,34.136218,-94.044286,"HOWARD"
"596","MD","KENT",2,39.156376,-75.49549,"KENT"
"597","MD","MONTGOMERY",20,32.310624,-86.186132,"MONTGOMERY"
"598","MD","PRINCE GEORGES",12,38.666071,-76.998396,"PRINCE GEORGES"
"599","MD","ST. MARYS",2,38.247149,-76.748088,"ST. MARYS"
"600","MD","WASHINGTON",1,31.406683,-88.175846,"WASHINGTON"
"601","MD","WICOMICO",3,38.382445,-75.633621,"WICOMICO"
"602","MD","WORCESTER",2,42.32916,-72.139465,"WORCESTER"
"603","ME","ANDROSCOGGIN",2,44.087422,-70.243848,"ANDROSCOGGIN"
"604","ME","AROOSTOOK",1,46.516166,-68.886826,"AROOSTOOK"
"605","ME","CUMBERLAND",10,39.274017,-88.124598,"CUMBERLAND"
"606","ME","FRANKLIN",2,34.373392,-87.946916,"FRANKLIN"
"607","ME","HANCOCK",1,33.257068,-83.08922,"HANCOCK"
"608","ME","KENNEBEC",3,44.349166,-69.870181,"KENNEBEC"
"609","ME","KNOX",3,40.964613,-90.213654,"KNOX"
"610","ME","LINCOLN",1,34.024648,-91.626178,"LINCOLN"
"611","ME","PENOBSCOT",3,45.061744,-68.878893,"PENOBSCOT"
"612","ME","SAGADAHOC",1,44.023162,-69.875816,"SAGADAHOC"
"613","ME","SOMERSET",1,37.998308,-75.818797,"SOMERSET"
"614","ME","WALDO",2,44.39559,-69.4168,"WALDO"
"615","ME","WASHINGTON",1,31.406683,-88.175846,"WASHINGTON"
"616","ME","YORK",4,43.279539,-70.740013,"YORK"
"617","MI","ALCONA",1,44.678354,-83.599977,"ALCONA"
"618","MI","ALGER",1,46.444586,-86.911506,"ALGER"
"619","MI","ALLEGAN",1,42.539295,-85.894873,"ALLEGAN"
"620","MI","ALPENA",1,45.033143,-83.495091,"ALPENA"
"621","MI","ARENAC",1,43.979427,-83.900702,"ARENAC"
"622","MI","BARRY",1,42.697951,-85.133685,"BARRY"
"623","MI","BAY",2,30.1922,-85.663027,"BAY"
"624","MI","BENZIE",1,44.574478,-86.07937,"BENZIE"
"625","MI","BERRIEN",4,31.383968,-83.221348,"BERRIEN"
"626","MI","CALHOUN",4,33.759768,-85.792328,"CALHOUN"
"627","MI","CASS",1,41.390677,-94.813882,"CASS"
"628","MI","CLARE",1,43.976073,-84.739685,"CLARE"
"629","MI","CLINTON",1,41.9604,-90.636408,"CLINTON"
"630","MI","DICKINSON",3,43.377945,-95.24015,"DICKINSON"
"631","MI","EATON",2,42.574191,-84.838452,"EATON"
"632","MI","EMMET",1,43.407517,-94.531703,"EMMET"
"633","MI","GENESEE",11,42.940019,-83.536923,"GENESEE"
"634","MI","GLADWIN",1,43.965212,-84.436146,"GLADWIN"
"635","MI","GOGEBIC",1,46.423427,-89.992677,"GOGEBIC"
"636","MI","HILLSDALE",1,41.956346,-84.767913,"HILLSDALE"
"637","MI","HOUGHTON",2,47.072716,-88.634939,"HOUGHTON"
"638","MI","HURON",2,43.79455,-82.949138,"HURON"
"639","MI","INGHAM",6,42.599184,-84.371973,"INGHAM"
"640","MI","IONIA",3,42.98004,-85.128727,"IONIA"
"641","MI","ISABELLA",1,43.640574,-84.847417,"ISABELLA"
"642","MI","JACKSON",4,34.799983,-85.803464,"JACKSON"
"643","MI","KALAMAZOO",5,42.261596,-85.510095,"KALAMAZOO"
"644","MI","KALKASKA",1,44.697144,-85.092905,"KALKASKA"
"645","MI","KENT",10,39.156376,-75.49549,"KENT"
"646","MI","LENAWEE",2,41.985346,-84.314543,"LENAWEE"
"647","MI","LIVINGSTON",2,41.059551,-88.417086,"LIVINGSTON"
"648","MI","MACKINAC",1,46.007211,-84.276199,"MACKINAC"
"649","MI","MACOMB",20,42.850051,-82.894993,"MACOMB"
"650","MI","MANISTEE",1,44.478837,-86.209391,"MANISTEE"
"651","MI","MECOSTA",1,43.737488,-85.166327,"MECOSTA"
"652","MI","MENOMINEE",1,45.601899,-87.519075,"MENOMINEE"
"653","MI","MISSAUKEE",1,44.242162,-85.043655,"MISSAUKEE"
"654","MI","MONROE",4,31.56779,-87.250028,"MONROE"
"655","MI","MONTMORENCY",1,45.030626,-84.173067,"MONTMORENCY"
"656","MI","MUSKEGON",4,43.272182,-85.854471,"MUSKEGON"
"657","MI","NEWAYGO",2,43.712217,-85.860379,"NEWAYGO"
"658","MI","OAKLAND",16,42.606088,-83.297593,"OAKLAND"
"659","MI","OCEANA",1,43.700968,-86.334122,"OCEANA"
"660","MI","OTTAWA",7,39.019928,-97.622108,"OTTAWA"
"661","MI","SAGINAW",7,43.27849,-83.81449,"SAGINAW"
"662","MI","SANILAC",1,43.35159,-82.670835,"SANILAC"
"663","MI","SHIAWASSEE",2,42.865732,-84.083097,"SHIAWASSEE"
"664","MI","ST. CLAIR",1,33.603543,-86.466833,"ST. CLAIR"
"665","MI","ST. JOSEPH",1,41.734912,-86.139868,"ST. JOSEPH"
"666","MI","TUSCOLA",2,43.277734,-83.39199,"TUSCOLA"
"667","MI","VAN BUREN",1,35.404671,-92.4808,"VAN BUREN"
"668","MI","WASHTENAW",6,42.266638,-83.849042,"WASHTENAW"
"669","MI","WAYNE",46,31.600775,-81.957787,"WAYNE"
"670","MI","WEXFORD",1,44.335278,-85.549093,"WEXFORD"
"671","MN","AITKIN",1,46.671645,-93.432392,"AITKIN"
"672","MN","ANOKA",3,45.388716,-93.231538,"ANOKA"
"673","MN","BECKER",3,46.834262,-95.746871,"BECKER"
"674","MN","BELTRAMI",2,47.571964,-94.801272,"BELTRAMI"
"675","MN","BENTON",1,36.397805,-94.043837,"BENTON"
"676","MN","CARVER",2,44.723162,-93.701637,"CARVER"
"677","MN","CASS",1,41.390677,-94.813882,"CASS"
"678","MN","CHIPPEWA",1,46.278437,-84.196899,"CHIPPEWA"
"679","MN","CROW WING",2,46.350195,-94.099983,"CROW WING"
"680","MN","DAKOTA",6,44.547215,-93.153115,"DAKOTA"
"681","MN","DOUGLAS",2,39.374779,-104.849988,"DOUGLAS"
"682","MN","FARIBAULT",1,43.6503,-93.977974,"FARIBAULT"
"683","MN","FREEBORN",1,43.686288,-93.389838,"FREEBORN"
"684","MN","HENNEPIN",19,44.882838,-93.200671,"HENNEPIN"
"685","MN","HOUSTON",1,31.148124,-85.371845,"HOUSTON"
"686","MN","HUBBARD",1,46.987609,-94.726405,"HUBBARD"
"687","MN","ITASCA",1,47.347269,-93.388826,"ITASCA"
"688","MN","KANABEC",1,45.918782,-93.297792,"KANABEC"
"689","MN","KANDIYOHI",2,45.147104,-94.977723,"KANDIYOHI"
"690","MN","LAKE",1,38.946476,-122.657017,"LAKE"
"691","MN","LE SUEUR",1,44.298188,-93.817622,"LE SUEUR"
"692","MN","LYON",1,43.352717,-96.311777,"LYON"
"693","MN","MARTIN",1,27.050934,-80.158594,"MARTIN"
"694","MN","MC LEOD",1,44.758102,-94.251718,"MC LEOD"
"695","MN","MILLE LACS",1,45.740703,-93.63663,"MILLE LACS"
"696","MN","MORRISON",1,45.868809,-94.422896,"MORRISON"
"697","MN","NICOLLET",3,44.217193,-94.094192,"NICOLLET"
"698","MN","OLMSTED",5,44.075285,-92.516916,"OLMSTED"
"699","MN","OTTER TAIL",1,46.172907,-95.918542,"OTTER TAIL"
"700","MN","RAMSEY",10,44.967965,-93.092168,"RAMSEY"
"701","MN","RED LAKE",1,47.814152,-96.005263,"RED LAKE"
"702","MN","RICE",1,38.463875,-98.387168,"RICE"
"703","MN","ROSEAU",1,48.769244,-95.747559,"ROSEAU"
"704","MN","SCOTT",1,34.882558,-94.079724,"SCOTT"
"705","MN","ST. LOUIS",4,47.256933,-92.00427,"ST. LOUIS"
"706","MN","STEARNS",4,45.36261,-94.309928,"STEARNS"
"707","MN","STEELE",1,44.160283,-93.246471,"STEELE"
"708","MN","SWIFT",1,45.282008,-95.95757,"SWIFT"
"709","MN","WADENA",1,46.379683,-94.936381,"WADENA"
"710","MN","WASHINGTON",1,31.406683,-88.175846,"WASHINGTON"
"711","MN","WATONWAN",1,44.05483,-94.790185,"WATONWAN"
"712","MN","WINONA",2,44.085616,-91.946134,"WINONA"
"713","MN","WRIGHT",2,42.651566,-93.582732,"WRIGHT"
"714","MO","ADAIR",1,41.439109,-94.633805,"ADAIR"
"715","MO","AUDRAIN",1,39.270895,-91.557429,"AUDRAIN"
"716","MO","BARRY",1,42.697951,-85.133685,"BARRY"
"717","MO","BARTON",1,38.420451,-98.913448,"BARTON"
"718","MO","BENTON",1,36.397805,-94.043837,"BENTON"
"719","MO","BOLLINGER",1,37.319652,-90.04218,"BOLLINGER"
"720","MO","BOONE",6,36.295086,-93.092861,"BOONE"
"721","MO","BUCHANAN",3,42.570346,-91.748063,"BUCHANAN"
"722","MO","BUTLER",1,31.642713,-86.734317,"BUTLER"
"723","MO","CAPE GIRARDEAU",2,37.341398,-89.611016,"CAPE GIRARDEAU"
"724","MO","CASS",1,41.390677,-94.813882,"CASS"
"725","MO","CHRISTIAN",3,39.37433,-89.198256,"CHRISTIAN"
"726","MO","CLAY",2,33.116229,-86.138624,"CLAY"
"727","MO","COLE",1,38.595556,-92.370285,"COLE"
"728","MO","CRAWFORD",3,35.479157,-94.193334,"CRAWFORD"
"729","MO","DALLAS",2,32.43372,-87.055532,"DALLAS"
"730","MO","DENT",1,37.612779,-91.652493,"DENT"
"731","MO","FRANKLIN",1,34.373392,-87.946916,"FRANKLIN"
"732","MO","GASCONADE",1,38.395272,-91.406851,"GASCONADE"
"733","MO","GREENE",5,32.737366,-87.967724,"GREENE"
"734","MO","HICKORY",1,38.024206,-93.228867,"HICKORY"
"735","MO","HOWARD",1,34.136218,-94.044286,"HOWARD"
"736","MO","HOWELL",5,36.974825,-91.76979,"HOWELL"
"737","MO","JACKSON",18,34.799983,-85.803464,"JACKSON"
"738","MO","JASPER",5,33.431362,-83.790756,"JASPER"
"739","MO","JEFFERSON",4,33.578097,-86.987228,"JEFFERSON"
"740","MO","LACLEDE",1,37.769908,-92.74866,"LACLEDE"
"741","MO","LAFAYETTE",2,33.202695,-93.556966,"LAFAYETTE"
"742","MO","LAWRENCE",2,34.673954,-87.28962,"LAWRENCE"
"743","MO","LINCOLN",1,34.024648,-91.626178,"LINCOLN"
"744","MO","LINN",1,42.157086,-91.645825,"LINN"
"745","MO","MILLER",1,33.441724,-94.023737,"MILLER"
"746","MO","MISSISSIPPI",1,35.852046,-89.972762,"MISSISSIPPI"
"747","MO","NEW MADRID",1,36.685031,-89.748273,"NEW MADRID"
"748","MO","OREGON",1,36.692896,-91.397129,"OREGON"
"749","MO","OSAGE",1,38.73799,-95.815754,"OSAGE"
"750","MO","PHELPS",2,37.898204,-91.797641,"PHELPS"
"751","MO","PLATTE",3,39.396278,-94.725832,"PLATTE"
"752","MO","PULASKI",2,34.694468,-92.425087,"PULASKI"
"753","MO","REYNOLDS",1,37.327153,-91.024337,"REYNOLDS"
"754","MO","SALINE",1,34.509071,-92.482828,"SALINE"
"755","MO","SCOTT",2,34.882558,-94.079724,"SCOTT"
"756","MO","SHANNON",1,36.997849,-91.494175,"SHANNON"
"757","MO","ST. CHARLES",7,29.841219,-90.430699,"ST. CHARLES"
"758","MO","ST. CLAIR",2,33.603543,-86.466833,"ST. CLAIR"
"759","MO","ST. FRANCOIS",2,37.89192,-90.38,"ST. FRANCOIS"
"760","MO","ST. LOUIS",14,47.256933,-92.00427,"ST. LOUIS"
"761","MO","ST. LOUIS CITY",8,38.631501,-90.19231,"ST. LOUIS CITY"
"762","MO","STODDARD",2,37.001191,-90.033351,"STODDARD"
"763","MO","TANEY",1,36.722523,-92.914606,"TANEY"
"764","MS","ADAMS",2,39.788286,-104.822765,"ADAMS"
"765","MS","AMITE",1,31.247847,-90.885075,"AMITE"
"766","MS","BENTON",1,36.397805,-94.043837,"BENTON"
"767","MS","BOLIVAR",2,34.074216,-90.75974,"BOLIVAR"
"768","MS","CARROLL",1,36.431111,-93.699392,"CARROLL"
"769","MS","CLAIBORNE",1,32.68552,-93.033603,"CLAIBORNE"
"770","MS","CLARKE",1,31.58842,-87.840875,"CLARKE"
"771","MS","COVINGTON",1,31.260882,-86.444833,"COVINGTON"
"772","MS","DE SOTO",2,27.186146,-81.809939,"DE SOTO"
"773","MS","FORREST",4,31.245138,-89.28071,"FORREST"
"774","MS","GRENADA",2,33.786016,-89.845462,"GRENADA"
"775","MS","HANCOCK",2,33.257068,-83.08922,"HANCOCK"
"776","MS","HARRISON",3,41.779196,-95.716392,"HARRISON"
"777","MS","HINDS",3,32.406956,-90.46141,"HINDS"
"778","MS","HOLMES",2,30.875532,-85.684243,"HOLMES"
"779","MS","HUMPHREYS",1,33.263048,-90.59677,"HUMPHREYS"
"780","MS","JACKSON",6,34.799983,-85.803464,"JACKSON"
"781","MS","JASPER",2,33.431362,-83.790756,"JASPER"
"782","MS","JEFFERSON",1,33.578097,-86.987228,"JEFFERSON"
"783","MS","JEFFERSON DAVIS",1,31.582332,-89.781429,"JEFFERSON DAVIS"
"784","MS","JONES",4,32.991607,-83.567362,"JONES"
"785","MS","LAUDERDALE",2,34.942388,-87.273375,"LAUDERDALE"
"786","MS","LAWRENCE",1,34.673954,-87.28962,"LAWRENCE"
"787","MS","LEAKE",2,32.785217,-89.524057,"LEAKE"
"788","MS","LEE",4,32.621147,-85.392878,"LEE"
"789","MS","LOWNDES",5,32.01285,-86.608238,"LOWNDES"
"790","MS","MARION",1,34.16493,-87.739592,"MARION"
"791","MS","MARSHALL",1,34.393855,-86.365403,"MARSHALL"
"792","MS","MONROE",1,31.56779,-87.250028,"MONROE"
"793","MS","NEWTON",2,35.924868,-93.232298,"NEWTON"
"794","MS","OKTIBBEHA",1,33.42554,-88.879117,"OKTIBBEHA"
"795","MS","PANOLA",1,34.343102,-89.956497,"PANOLA"
"796","MS","PERRY",1,32.608995,-87.350401,"PERRY"
"797","MS","PIKE",2,31.839131,-85.928538,"PIKE"
"798","MS","PONTOTOC",1,34.171543,-89.032791,"PONTOTOC"
"799","MS","RANKIN",3,32.300019,-89.938693,"RANKIN"
"800","MS","SCOTT",1,34.882558,-94.079724,"SCOTT"
"801","MS","SMITH",2,39.766784,-98.919297,"SMITH"
"802","MS","SUNFLOWER",1,33.690173,-90.549626,"SUNFLOWER"
"803","MS","TATE",1,34.686272,-90.106756,"TATE"
"804","MS","TIPPAH",2,34.667999,-88.99877,"TIPPAH"
"805","MS","TISHOMINGO",1,34.550663,-88.22674,"TISHOMINGO"
"806","MS","UNION",1,33.266043,-92.597514,"UNION"
"807","MS","WARREN",3,33.447102,-82.642214,"WARREN"
"808","MS","WASHINGTON",1,31.406683,-88.175846,"WASHINGTON"
"809","MS","YALOBUSHA",1,33.961287,-89.64824,"YALOBUSHA"
"810","MS","YAZOO",1,32.845368,-90.241776,"YAZOO"
"811","MT","CASCADE",4,47.402024,-111.422948,"CASCADE"
"812","MT","DAWSON",1,34.453661,-84.155043,"DAWSON"
"813","MT","FERGUS",1,47.286641,-108.763415,"FERGUS"
"814","MT","FLATHEAD",2,48.202765,-114.303919,"FLATHEAD"
"815","MT","LEWIS AND CLARK",1,47.444053,-112.513362,"LEWIS AND CLARK"
"816","MT","MINERAL",1,37.761293,-106.981852,"MINERAL"
"817","MT","MISSOULA",3,46.853606,-113.909123,"MISSOULA"
"818","MT","PONDERA",1,48.065733,-111.715365,"PONDERA"
"819","MT","RAVALLI",2,45.918972,-114.05904,"RAVALLI"
"820","MT","SILVER BOW",1,45.997895,-112.598765,"SILVER BOW"
"821","MT","YELLOWSTONE",2,45.929056,-108.688831,"YELLOWSTONE"
"822","NC","ALAMANCE",4,36.031836,-79.485643,"ALAMANCE"
"823","NC","ALEXANDER",1,37.152775,-89.325581,"ALEXANDER"
"824","NC","ANSON",1,35.021874,-80.085232,"ANSON"
"825","NC","ASHE",2,36.464673,-81.596886,"ASHE"
"826","NC","AVERY",1,36.072025,-81.910144,"AVERY"
"827","NC","BEAUFORT",1,35.373666,-76.861978,"BEAUFORT"
"828","NC","BRUNSWICK",5,33.926255,-78.07127,"BRUNSWICK"
"829","NC","BUNCOMBE",4,35.628016,-82.556751,"BUNCOMBE"
"830","NC","BURKE",1,33.05387,-81.684489,"BURKE"
"831","NC","CABARRUS",6,35.371633,-80.562141,"CABARRUS"
"832","NC","CALDWELL",2,37.201173,-87.988003,"CALDWELL"
"833","NC","CARTERET",1,34.873922,-76.587097,"CARTERET"
"834","NC","CASWELL",1,36.466412,-79.275549,"CASWELL"
"835","NC","CATAWBA",3,35.758221,-81.308224,"CATAWBA"
"836","NC","CHATHAM",1,32.107103,-81.291335,"CHATHAM"
"837","NC","CHEROKEE",1,34.359072,-85.611793,"CHEROKEE"
"838","NC","CLAY",1,33.116229,-86.138624,"CLAY"
"839","NC","CLEVELAND",1,33.866338,-92.276397,"CLEVELAND"
"840","NC","COLUMBUS",4,34.275295,-78.350029,"COLUMBUS"
"841","NC","CRAVEN",4,35.129461,-77.01996,"CRAVEN"
"842","NC","CUMBERLAND",10,39.274017,-88.124598,"CUMBERLAND"
"843","NC","CURRITUCK",2,36.307995,-75.918814,"CURRITUCK"
"844","NC","DARE",2,35.776474,-75.635823,"DARE"
"845","NC","DAVIDSON",2,35.608108,-80.144554,"DAVIDSON"
"846","NC","DAVIE",2,35.945381,-80.448686,"DAVIE"
"847","NC","DUPLIN",4,35.141931,-78.099221,"DUPLIN"
"848","NC","DURHAM",6,36.09206,-78.885147,"DURHAM"
"849","NC","EDGECOMBE",2,35.949051,-77.641181,"EDGECOMBE"
"850","NC","FORSYTH",12,34.193041,-84.092588,"FORSYTH"
"851","NC","FRANKLIN",2,34.373392,-87.946916,"FRANKLIN"
"852","NC","GASTON",2,35.365255,-81.087967,"GASTON"
"853","NC","GATES",1,36.520104,-76.59285,"GATES"
"854","NC","GREENE",1,32.737366,-87.967724,"GREENE"
"855","NC","GUILFORD",13,36.193624,-79.674079,"GUILFORD"
"856","NC","HALIFAX",1,36.279884,-77.723443,"HALIFAX"
"857","NC","HARNETT",3,35.478164,-78.729411,"HARNETT"
"858","NC","HAYWOOD",1,35.492743,-82.959555,"HAYWOOD"
"859","NC","HENDERSON",6,40.853583,-90.864536,"HENDERSON"
"860","NC","IREDELL",2,35.719228,-80.89909,"IREDELL"
"861","NC","JACKSON",1,34.799983,-85.803464,"JACKSON"
"862","NC","JOHNSTON",3,35.40709,-78.402967,"JOHNSTON"
"863","NC","LENOIR",1,35.220079,-77.615508,"LENOIR"
"864","NC","LINCOLN",1,34.024648,-91.626178,"LINCOLN"
"865","NC","MACON",1,32.250651,-85.752417,"MACON"
"866","NC","MADISON",1,34.719303,-86.475425,"MADISON"
"867","NC","MARTIN",3,27.050934,-80.158594,"MARTIN"
"868","NC","MC DOWELL",2,37.411086,-81.539352,"MC DOWELL"
"869","NC","MECKLENBURG",16,35.473286,-80.872585,"MECKLENBURG"
"870","NC","MONTGOMERY",2,32.310624,-86.186132,"MONTGOMERY"
"871","NC","MOORE",3,35.326471,-79.548614,"MOORE"
"872","NC","NASH",2,35.902088,-77.874947,"NASH"
"873","NC","NEW HANOVER",6,34.163503,-77.95481,"NEW HANOVER"
"874","NC","ONSLOW",2,34.527983,-77.514707,"ONSLOW"
"875","NC","ORANGE",2,33.640302,-117.769442,"ORANGE"
"876","NC","PITT",2,35.584685,-77.513357,"PITT"
"877","NC","RANDOLPH",4,33.456308,-85.369167,"RANDOLPH"
"878","NC","ROBESON",1,34.595364,-79.197058,"ROBESON"
"879","NC","ROWAN",5,38.128726,-83.442495,"ROWAN"
"880","NC","SAMPSON",1,35.066726,-78.590479,"SAMPSON"
"881","NC","SCOTLAND",1,40.453333,-92.1474,"SCOTLAND"
"882","NC","SURRY",3,36.385903,-80.589507,"SURRY"
"883","NC","TRANSYLVANIA",1,35.205962,-82.898272,"TRANSYLVANIA"
"884","NC","UNION",2,33.266043,-92.597514,"UNION"
"885","NC","WAKE",7,35.748012,-78.834012,"WAKE"
"886","NC","WASHINGTON",1,31.406683,-88.175846,"WASHINGTON"
"887","NC","WATAUGA",1,36.163862,-81.714505,"WATAUGA"
"888","NC","WAYNE",2,31.600775,-81.957787,"WAYNE"
"889","NC","WILKES",2,33.763817,-82.899831,"WILKES"
"890","NC","WILSON",3,37.525023,-95.661801,"WILSON"
"891","NC","YANCEY",1,35.835649,-82.268193,"YANCEY"
"892","ND","BOTTINEAU",1,48.830347,-100.601174,"BOTTINEAU"
"893","ND","BURLEIGH",2,47.212951,-100.548434,"BURLEIGH"
"894","ND","CASS",3,41.390677,-94.813882,"CASS"
"895","ND","GRAND FORKS",2,47.9041,-97.431501,"GRAND FORKS"
"896","ND","SHERIDAN",1,39.355013,-100.440513,"SHERIDAN"
"897","ND","STARK",2,41.176471,-89.657789,"STARK"
"898","ND","STUTSMAN",2,46.921005,-98.745485,"STUTSMAN"
"899","ND","WALSH",1,48.383547,-97.997964,"WALSH"
"900","ND","WARD",1,48.084625,-101.419006,"WARD"
"901","ND","WELLS",1,40.71327,-85.2023,"WELLS"
"902","NE","BUFFALO",2,40.916581,-99.292974,"BUFFALO"
"903","NE","CEDAR",1,41.864242,-91.024771,"CEDAR"
"904","NE","CHASE",2,38.260042,-96.822766,"CHASE"
"905","NE","CUSTER",1,38.095173,-105.421953,"CUSTER"
"906","NE","DAWSON",1,34.453661,-84.155043,"DAWSON"
"907","NE","DODGE",1,32.150374,-83.055544,"DODGE"
"908","NE","DOUGLAS",9,39.374779,-104.849988,"DOUGLAS"
"909","NE","FURNAS",1,40.294628,-99.842844,"FURNAS"
"910","NE","GAGE",1,40.45603,-96.513526,"GAGE"
"911","NE","HALL",1,34.334398,-83.837912,"HALL"
"912","NE","HOLT",1,40.126706,-95.329064,"HOLT"
"913","NE","JEFFERSON",1,33.578097,-86.987228,"JEFFERSON"
"914","NE","LANCASTER",3,40.664491,-96.518083,"LANCASTER"
"915","NE","LINCOLN",2,34.024648,-91.626178,"LINCOLN"
"916","NE","PHELPS",1,37.898204,-91.797641,"PHELPS"
"917","NE","ROCK",1,43.612344,-96.364663,"ROCK"
"918","NE","SARPY",2,41.132948,-95.903956,"SARPY"
"919","NE","SCOTT BLUFF",1,41.80602,-103.75796,"SCOTT BLUFF"
"920","NE","SHERIDAN",1,39.355013,-100.440513,"SHERIDAN"
"921","NE","THURSTON",1,42.146597,-96.545297,"THURSTON"
"922","NE","YORK",1,43.279539,-70.740013,"YORK"
"923","NH","BELKNAP",2,43.417369,-71.373189,"BELKNAP"
"924","NH","CARROLL",2,36.431111,-93.699392,"CARROLL"
"925","NH","CHESHIRE",1,42.903656,-72.248052,"CHESHIRE"
"926","NH","COOS",1,44.512344,-71.194226,"COOS"
"927","NH","GRAFTON",1,43.930221,-71.534068,"GRAFTON"
"928","NH","HILLSBOROUGH",6,27.764761,-82.273409,"HILLSBOROUGH"
"929","NH","MERRIMACK",9,43.065097,-71.443616,"MERRIMACK"
"930","NH","ROCKINGHAM",5,36.348831,-79.894851,"ROCKINGHAM"
"931","NH","STRAFFORD",2,43.285282,-70.930684,"STRAFFORD"
"932","NH","SULLIVAN",1,38.966806,-87.384354,"SULLIVAN"
"933","NJ","ATLANTIC",9,39.563616,-74.711081,"ATLANTIC"
"934","NJ","BERGEN",16,40.820541,-73.98782,"BERGEN"
"935","NJ","BURLINGTON",11,40.049948,-74.917061,"BURLINGTON"
"936","NJ","CAMDEN",10,30.804684,-81.627717,"CAMDEN"
"937","NJ","CAPE MAY",5,39.112027,-74.731427,"CAPE MAY"
"938","NJ","CUMBERLAND",1,39.274017,-88.124598,"CUMBERLAND"
"939","NJ","ESSEX",20,42.647991,-71.165685,"ESSEX"
"940","NJ","GLOUCESTER",4,39.802163,-75.339215,"GLOUCESTER"
"941","NJ","HUDSON",13,40.670858,-74.109486,"HUDSON"
"942","NJ","HUNTERDON",2,40.717424,-74.813951,"HUNTERDON"
"943","NJ","MERCER",8,41.197762,-90.730944,"MERCER"
"944","NJ","MIDDLESEX",23,41.349098,-72.41338,"MIDDLESEX"
"945","NJ","MONMOUTH",14,40.358409,-74.068143,"MONMOUTH"
"946","NJ","MORRIS",9,38.565758,-96.801336,"MORRIS"
"947","NJ","OCEAN",15,39.753858,-74.293989,"OCEAN"
"948","NJ","PASSAIC",4,40.877949,-74.141237,"PASSAIC"
"949","NJ","SALEM",1,39.559077,-75.350573,"SALEM"
"950","NJ","SOMERSET",6,37.998308,-75.818797,"SOMERSET"
"951","NJ","SUSSEX",2,38.555533,-75.186955,"SUSSEX"
"952","NJ","UNION",10,33.266043,-92.597514,"UNION"
"953","NJ","WARREN",4,33.447102,-82.642214,"WARREN"
"954","NM","BERNALILLO",8,35.124363,-106.375103,"BERNALILLO"
"955","NM","CHAVES",2,33.346666,-104.593687,"CHAVES"
"956","NM","CIBOLA",1,35.273985,-107.991394,"CIBOLA"
"957","NM","DONA ANA",1,32.52512,-107.100101,"DONA ANA"
"958","NM","EDDY",1,47.71736,-98.898693,"EDDY"
"959","NM","LEA",1,32.690034,-103.209405,"LEA"
"960","NM","OTERO",4,38.102941,-103.5367,"OTERO"
"961","NM","RIO ARRIBA",1,36.230711,-107.070343,"RIO ARRIBA"
"962","NM","SAN JUAN",1,37.848391,-107.680381,"SAN JUAN"
"963","NM","SANDOVAL",3,35.337752,-106.392905,"SANDOVAL"
"964","NM","SANTA FE",3,35.264653,-106.083792,"SANTA FE"
"965","NM","TAOS",1,36.803628,-105.585441,"TAOS"
"966","NV","CHURCHILL",1,39.479393,-118.296879,"CHURCHILL"
"967","NV","CLARK",22,34.055486,-93.189406,"CLARK"
"968","NV","DOUGLAS",1,39.374779,-104.849988,"DOUGLAS"
"969","NV","ELKO",1,40.905583,-115.534429,"ELKO"
"970","NV","LYON",2,43.352717,-96.311777,"LYON"
"971","NV","NYE",1,36.819857,-116.609372,"NYE"
"972","NV","WASHOE",6,39.239457,-119.971133,"WASHOE"
"973","NY","ALBANY",4,42.482455,-73.936671,"ALBANY"
"974","NY","ALLEGANY",2,39.580691,-78.690593,"ALLEGANY"
"975","NY","BRONX",15,40.819329,-73.920355,"BRONX"
"976","NY","BROOME",2,42.080494,-76.097288,"BROOME"
"977","NY","CATTARAUGUS",3,42.408583,-78.984391,"CATTARAUGUS"
"978","NY","CAYUGA",3,42.894381,-76.565683,"CAYUGA"
"979","NY","CHAUTAUQUA",2,37.130234,-96.444127,"CHAUTAUQUA"
"980","NY","CHENANGO",1,42.479801,-75.622857,"CHENANGO"
"981","NY","COLUMBIA",1,33.112106,-93.203998,"COLUMBIA"
"982","NY","DUTCHESS",4,41.826491,-73.710901,"DUTCHESS"
"983","NY","ERIE",16,43.013808,-78.525296,"ERIE"
"984","NY","ESSEX",2,42.647991,-71.165685,"ESSEX"
"985","NY","FRANKLIN",2,34.373392,-87.946916,"FRANKLIN"
"986","NY","GENESEE",1,42.940019,-83.536923,"GENESEE"
"987","NY","JEFFERSON",2,33.578097,-86.987228,"JEFFERSON"
"988","NY","KINGS",28,36.316529,-119.704594,"KINGS"
"989","NY","LEWIS",1,46.269379,-116.539248,"LEWIS"
"990","NY","MADISON",2,34.719303,-86.475425,"MADISON"
"991","NY","MONROE",19,31.56779,-87.250028,"MONROE"
"992","NY","MONTGOMERY",1,32.310624,-86.186132,"MONTGOMERY"
"993","NY","NASSAU",24,30.521109,-81.906051,"NASSAU"
"994","NY","NEW YORK",29,40.750422,-73.996328,"NEW YORK"
"995","NY","NIAGARA",5,43.291696,-78.626944,"NIAGARA"
"996","NY","ONEIDA",5,42.234859,-112.599201,"ONEIDA"
"997","NY","ONONDAGA",11,42.823968,-76.062425,"ONONDAGA"
"998","NY","ONTARIO",2,42.813576,-77.289687,"ONTARIO"
"999","NY","ORANGE",5,33.640302,-117.769442,"ORANGE"
"1000","NY","OSWEGO",2,43.310494,-76.135765,"OSWEGO"
"1001","NY","OTSEGO",1,45.02396,-84.755439,"OTSEGO"
"1002","NY","PUTNAM",2,29.799631,-81.627324,"PUTNAM"
"1003","NY","QUEENS",29,40.745263,-73.711159,"QUEENS"
"1004","NY","RENSSELAER",3,42.670645,-73.55142,"RENSSELAER"
"1005","NY","RICHMOND",11,33.359709,-82.198897,"RICHMOND"
"1006","NY","ROCKLAND",3,41.137295,-74.105737,"ROCKLAND"
"1007","NY","SARATOGA",4,42.934416,-73.848971,"SARATOGA"
"1008","NY","SCHENECTADY",4,42.859176,-73.902117,"SCHENECTADY"
"1009","NY","SCHUYLER",1,40.20621,-90.652911,"SCHUYLER"
"1010","NY","SENECA",1,42.822662,-76.80197,"SENECA"
"1011","NY","ST. LAWRENCE",1,44.287829,-74.702338,"ST. LAWRENCE"
"1012","NY","STEUBEN",2,41.672567,-85.000474,"STEUBEN"
"1013","NY","SUFFOLK",30,42.370567,-71.026964,"SUFFOLK"
"1014","NY","TIOGA",3,42.049798,-76.181009,"TIOGA"
"1015","NY","TOMPKINS",2,42.477712,-76.291224,"TOMPKINS"
"1016","NY","ULSTER",4,41.96973,-74.06678,"ULSTER"
"1017","NY","WARREN",2,33.447102,-82.642214,"WARREN"
"1018","NY","WASHINGTON",1,31.406683,-88.175846,"WASHINGTON"
"1019","NY","WAYNE",1,31.600775,-81.957787,"WAYNE"
"1020","NY","WESTCHESTER",27,41.293169,-73.759033,"WESTCHESTER"
"1021","NY","YATES",1,42.754115,-77.026379,"YATES"
"1022","OH","ASHTABULA",2,41.740136,-80.602278,"ASHTABULA"
"1023","OH","ATHENS",1,39.339279,-82.013803,"ATHENS"
"1024","OH","AUGLAIZE",1,40.589876,-84.12786,"AUGLAIZE"
"1025","OH","BELMONT",5,39.985318,-81.137495,"BELMONT"
"1026","OH","BROWN",1,39.978147,-90.756924,"BROWN"
"1027","OH","BUTLER",11,31.642713,-86.734317,"BUTLER"
"1028","OH","CHAMPAIGN",3,40.370897,-88.152546,"CHAMPAIGN"
"1029","OH","CLARK",4,34.055486,-93.189406,"CLARK"
"1030","OH","CLERMONT",3,39.014823,-84.205859,"CLERMONT"
"1031","OH","COLUMBIANA",3,40.677372,-80.600629,"COLUMBIANA"
"1032","OH","COSHOCTON",2,40.357237,-81.643638,"COSHOCTON"
"1033","OH","CRAWFORD",1,35.479157,-94.193334,"CRAWFORD"
"1034","OH","CUYAHOGA",24,41.456905,-81.693019,"CUYAHOGA"
"1035","OH","DARKE",2,40.214675,-84.653188,"DARKE"
"1036","OH","DELAWARE",3,42.457286,-91.564233,"DELAWARE"
"1037","OH","ERIE",2,43.013808,-78.525296,"ERIE"
"1038","OH","FAIRFIELD",1,41.165097,-73.129186,"FAIRFIELD"
"1039","OH","FAYETTE",1,33.712675,-87.774117,"FAYETTE"
"1040","OH","FRANKLIN",19,34.373392,-87.946916,"FRANKLIN"
"1041","OH","GEAUGA",2,41.447117,-81.152938,"GEAUGA"
"1042","OH","GREENE",1,32.737366,-87.967724,"GREENE"
"1043","OH","GUERNSEY",4,39.91944,-81.53113,"GUERNSEY"
"1044","OH","HAMILTON",17,30.495814,-82.985428,"HAMILTON"
"1045","OH","HANCOCK",1,33.257068,-83.08922,"HANCOCK"
"1046","OH","HARRISON",2,41.779196,-95.716392,"HARRISON"
"1047","OH","HIGHLAND",1,39.074262,-83.848414,"HIGHLAND"
"1048","OH","HOLMES",2,30.875532,-85.684243,"HOLMES"
"1049","OH","HURON",1,43.79455,-82.949138,"HURON"
"1050","OH","JACKSON",1,34.799983,-85.803464,"JACKSON"
"1051","OH","JEFFERSON",1,33.578097,-86.987228,"JEFFERSON"
"1052","OH","KNOX",1,40.964613,-90.213654,"KNOX"
"1053","OH","LAKE",3,38.946476,-122.657017,"LAKE"
"1054","OH","LAWRENCE",1,34.673954,-87.28962,"LAWRENCE"
"1055","OH","LICKING",2,40.100513,-82.612389,"LICKING"
"1056","OH","LORAIN",7,41.361746,-82.253828,"LORAIN"
"1057","OH","LUCAS",5,41.046868,-93.309464,"LUCAS"
"1058","OH","MADISON",1,34.719303,-86.475425,"MADISON"
"1059","OH","MAHONING",5,41.034545,-80.928626,"MAHONING"
"1060","OH","MARION",2,34.16493,-87.739592,"MARION"
"1061","OH","MEDINA",2,41.206132,-81.82281,"MEDINA"
"1062","OH","MIAMI",2,40.650476,-85.943552,"MIAMI"
"1063","OH","MONROE",1,31.56779,-87.250028,"MONROE"
"1064","OH","MONTGOMERY",14,32.310624,-86.186132,"MONTGOMERY"
"1065","OH","MUSKINGUM",3,39.927415,-82.004058,"MUSKINGUM"
"1066","OH","OTTAWA",1,39.019928,-97.622108,"OTTAWA"
"1067","OH","PICKAWAY",2,39.67194,-83.015457,"PICKAWAY"
"1068","OH","PIKE",2,31.839131,-85.928538,"PIKE"
"1069","OH","PORTAGE",1,41.040507,-81.194614,"PORTAGE"
"1070","OH","PUTNAM",1,29.799631,-81.627324,"PUTNAM"
"1071","OH","ROSS",3,39.466524,-82.754731,"ROSS"
"1072","OH","SANDUSKY",1,41.278621,-83.244604,"SANDUSKY"
"1073","OH","SCIOTO",1,38.650439,-82.802128,"SCIOTO"
"1074","OH","SENECA",3,42.822662,-76.80197,"SENECA"
"1075","OH","SHELBY",1,33.193415,-86.794377,"SHELBY"
"1076","OH","STARK",9,41.176471,-89.657789,"STARK"
"1077","OH","SUMMIT",12,39.475323,-106.022472,"SUMMIT"
"1078","OH","TRUMBULL",6,41.376806,-80.866704,"TRUMBULL"
"1079","OH","UNION",1,33.266043,-92.597514,"UNION"
"1080","OH","WARREN",2,33.447102,-82.642214,"WARREN"
"1081","OH","WASHINGTON",1,31.406683,-88.175846,"WASHINGTON"
"1082","OH","WAYNE",3,31.600775,-81.957787,"WAYNE"
"1083","OH","WILLIAMS",2,48.405038,-103.407189,"WILLIAMS"
"1084","OH","WOOD",1,41.376449,-83.613714,"WOOD"
"1085","OH","WYANDOT",1,40.927265,-83.387038,"WYANDOT"
"1086","OK","CADDO",1,32.774283,-93.883624,"CADDO"
"1087","OK","CANADIAN",1,35.547575,-98.151236,"CANADIAN"
"1088","OK","CHEROKEE",3,34.359072,-85.611793,"CHEROKEE"
"1089","OK","CLEVELAND",4,33.866338,-92.276397,"CLEVELAND"
"1090","OK","COAL",1,34.592949,-96.303069,"COAL"
"1091","OK","COMANCHE",2,37.25486,-99.322574,"COMANCHE"
"1092","OK","CRAIG",1,36.723649,-95.197639,"CRAIG"
"1093","OK","CREEK",1,35.835606,-96.303922,"CREEK"
"1094","OK","DELAWARE",2,42.457286,-91.564233,"DELAWARE"
"1095","OK","GARFIELD",1,39.500281,-107.585235,"GARFIELD"
"1096","OK","GARVIN",1,34.836481,-97.51668,"GARVIN"
"1097","OK","GREER",2,34.950884,-99.394148,"GREER"
"1098","OK","HUGHES",1,35.028521,-96.235928,"HUGHES"
"1099","OK","JACKSON",1,34.799983,-85.803464,"JACKSON"
"1100","OK","KAY",3,36.736868,-97.18908,"KAY"
"1101","OK","KINGFISHER",2,35.818432,-97.699679,"KINGFISHER"
"1102","OK","LE FLORE",3,35.025939,-94.618339,"LE FLORE"
"1103","OK","LINCOLN",2,34.024648,-91.626178,"LINCOLN"
"1104","OK","LOGAN",2,35.130561,-93.749342,"LOGAN"
"1105","OK","MUSKOGEE",2,35.70582,-95.50025,"MUSKOGEE"
"1106","OK","OKLAHOMA",17,35.674777,-97.499681,"OKLAHOMA"
"1107","OK","OKMULGEE",1,35.737125,-96.026538,"OKMULGEE"
"1108","OK","POTTAWATOMIE",1,39.277337,-96.164714,"POTTAWATOMIE"
"1109","OK","PUSHMATAHA",1,34.418801,-95.358406,"PUSHMATAHA"
"1110","OK","ROGERS",1,36.212092,-95.72584,"ROGERS"
"1111","OK","SEQUOYAH",1,35.532577,-95.109916,"SEQUOYAH"
"1112","OK","TEXAS",1,37.309426,-92.214372,"TEXAS"
"1113","OK","TULSA",12,35.93345,-95.877617,"TULSA"
"1114","OK","WASHINGTON",2,31.406683,-88.175846,"WASHINGTON"
"1115","OR","BENTON",1,36.397805,-94.043837,"BENTON"
"1116","OR","CLACKAMAS",2,45.247636,-122.468991,"CLACKAMAS"
"1117","OR","CLATSOP",1,45.810934,-123.962989,"CLATSOP"
"1118","OR","COLUMBIA",1,33.112106,-93.203998,"COLUMBIA"
"1119","OR","COOS",4,44.512344,-71.194226,"COOS"
"1120","OR","CROOK",1,44.127641,-119.864655,"CROOK"
"1121","OR","CURRY",1,34.497241,-103.294978,"CURRY"
"1122","OR","DESCHUTES",1,44.082037,-121.227125,"DESCHUTES"
"1123","OR","HOOD RIVER",1,45.671017,-121.868565,"HOOD RIVER"
"1124","OR","JACKSON",7,34.799983,-85.803464,"JACKSON"
"1125","OR","JOSEPHINE",1,42.652236,-123.425008,"JOSEPHINE"
"1126","OR","KLAMATH",3,43.51799,-121.949514,"KLAMATH"
"1127","OR","LAKE",1,38.946476,-122.657017,"LAKE"
"1128","OR","LANE",5,38.474188,-100.464651,"LANE"
"1129","OR","LINN",1,42.157086,-91.645825,"LINN"
"1130","OR","MARION",2,34.16493,-87.739592,"MARION"
"1131","OR","MULTNOMAH",8,45.582981,-122.101103,"MULTNOMAH"
"1132","OR","POLK",2,34.537164,-94.0972,"POLK"
"1133","OR","UMATILLA",2,45.711814,-118.637974,"UMATILLA"
"1134","OR","WASCO",1,45.263301,-121.088513,"WASCO"
"1135","OR","WASHINGTON",4,31.406683,-88.175846,"WASHINGTON"
"1136","PA","ADAMS",1,39.788286,-104.822765,"ADAMS"
"1137","PA","ALLEGHENY",25,40.493128,-79.903121,"ALLEGHENY"
"1138","PA","ARMSTRONG",3,40.847829,-79.451575,"ARMSTRONG"
"1139","PA","BEAVER",5,36.750783,-100.478393,"BEAVER"
"1140","PA","BEDFORD",1,40.198627,-78.622801,"BEDFORD"
"1141","PA","BERKS",9,40.454205,-75.581444,"BERKS"
"1142","PA","BLAIR",3,40.489433,-78.349874,"BLAIR"
"1143","PA","BUCKS",17,40.328645,-75.10278,"BUCKS"
"1144","PA","BUTLER",7,31.642713,-86.734317,"BUTLER"
"1145","PA","CAMBRIA",4,40.658721,-78.794582,"CAMBRIA"
"1146","PA","CARBON",1,45.161913,-109.158349,"CARBON"
"1147","PA","CENTRE",2,40.813628,-78.238986,"CENTRE"
"1148","PA","CHESTER",4,40.040057,-75.488793,"CHESTER"
"1149","PA","CLINTON",1,41.9604,-90.636408,"CLINTON"
"1150","PA","COLUMBIA",2,33.112106,-93.203998,"COLUMBIA"
"1151","PA","CRAWFORD",2,35.479157,-94.193334,"CRAWFORD"
"1152","PA","CUMBERLAND",4,39.274017,-88.124598,"CUMBERLAND"
"1153","PA","DAUPHIN",1,40.600992,-76.811693,"DAUPHIN"
"1154","PA","DELAWARE",14,42.457286,-91.564233,"DELAWARE"
"1155","PA","ELK",2,37.383228,-96.272149,"ELK"
"1156","PA","ERIE",1,43.013808,-78.525296,"ERIE"
"1157","PA","FAYETTE",6,33.712675,-87.774117,"FAYETTE"
"1158","PA","FRANKLIN",3,34.373392,-87.946916,"FRANKLIN"
"1159","PA","GREENE",1,32.737366,-87.967724,"GREENE"
"1160","PA","HUNTINGDON",1,40.54851,-78.095064,"HUNTINGDON"
"1161","PA","LACKAWANNA",4,41.487598,-75.533403,"LACKAWANNA"
"1162","PA","LANCASTER",8,40.664491,-96.518083,"LANCASTER"
"1163","PA","LEBANON",4,40.352637,-76.435873,"LEBANON"
"1164","PA","LEHIGH",4,40.514472,-75.602941,"LEHIGH"
"1165","PA","LUZERNE",4,40.964584,-76.008333,"LUZERNE"
"1166","PA","LYCOMING",2,41.266716,-76.958314,"LYCOMING"
"1167","PA","MC KEAN",2,41.742791,-78.78726,"MC KEAN"
"1168","PA","MERCER",2,41.197762,-90.730944,"MERCER"
"1169","PA","MIFFLIN",2,40.539667,-77.790168,"MIFFLIN"
"1170","PA","MONROE",3,31.56779,-87.250028,"MONROE"
"1171","PA","MONTGOMERY",29,32.310624,-86.186132,"MONTGOMERY"
"1172","PA","NORTHUMBERLND",2,40.894363,-76.596151,"NORTHUMBERLND"
"1173","PA","PERRY",1,32.608995,-87.350401,"PERRY"
"1174","PA","PHILADELPHIA",33,40.001811,-75.11787,"PHILADELPHIA"
"1175","PA","PIKE",1,31.839131,-85.928538,"PIKE"
"1176","PA","SCHUYLKILL",3,40.708751,-76.282986,"SCHUYLKILL"
"1177","PA","SOMERSET",2,37.998308,-75.818797,"SOMERSET"
"1178","PA","TIOGA",1,42.049798,-76.181009,"TIOGA"
"1179","PA","UNION",2,33.266043,-92.597514,"UNION"
"1180","PA","VENANGO",1,41.330725,-79.775153,"VENANGO"
"1181","PA","WASHINGTON",7,31.406683,-88.175846,"WASHINGTON"
"1182","PA","WAYNE",1,31.600775,-81.957787,"WAYNE"
"1183","PA","WESTMORELAND",9,40.361852,-79.75128,"WESTMORELAND"
"1184","PA","YORK",10,43.279539,-70.740013,"YORK"
"1185","RI","BRISTOL",3,41.998799,-71.200894,"BRISTOL"
"1186","RI","KENT",4,39.156376,-75.49549,"KENT"
"1187","RI","NEWPORT",3,41.530131,-71.284066,"NEWPORT"
"1188","RI","PROVIDENCE",11,41.954098,-71.462053,"PROVIDENCE"
"1189","SC","ABBEVILLE",3,34.215714,-82.446307,"ABBEVILLE"
"1190","SC","AIKEN",5,33.605723,-81.365813,"AIKEN"
"1191","SC","ANDERSON",3,38.213685,-95.299014,"ANDERSON"
"1192","SC","BAMBERG",1,33.206294,-80.973559,"BAMBERG"
"1193","SC","BEAUFORT",5,35.373666,-76.861978,"BEAUFORT"
"1194","SC","BERKELEY",3,33.192514,-80.03063,"BERKELEY"
"1195","SC","CHARLESTON",3,32.780326,-79.940844,"CHARLESTON"
"1196","SC","CHEROKEE",2,34.359072,-85.611793,"CHEROKEE"
"1197","SC","CHESTER",2,40.040057,-75.488793,"CHESTER"
"1198","SC","COLLETON",1,33.029619,-80.762449,"COLLETON"
"1199","SC","DARLINGTON",1,34.269558,-80.005897,"DARLINGTON"
"1200","SC","EDGEFIELD",1,33.767808,-81.987524,"EDGEFIELD"
"1201","SC","FAIRFIELD",1,41.165097,-73.129186,"FAIRFIELD"
"1202","SC","FLORENCE",2,33.937811,-79.903726,"FLORENCE"
"1203","SC","GEORGETOWN",3,33.439327,-79.367525,"GEORGETOWN"
"1204","SC","GREENVILLE",9,34.848567,-82.402871,"GREENVILLE"
"1205","SC","GREENWOOD",2,37.980393,-96.199508,"GREENWOOD"
"1206","SC","HORRY",4,33.939968,-79.041027,"HORRY"
"1207","SC","LANCASTER",2,40.664491,-96.518083,"LANCASTER"
"1208","SC","LAURENS",1,32.50631,-82.713743,"LAURENS"
"1209","SC","LEXINGTON",6,33.871866,-81.414643,"LEXINGTON"
"1210","SC","MARLBORO",1,34.598755,-79.707693,"MARLBORO"
"1211","SC","NEWBERRY",2,34.221772,-81.872428,"NEWBERRY"
"1212","SC","ORANGEBURG",3,33.341855,-80.565482,"ORANGEBURG"
"1213","SC","PICKENS",3,33.236962,-88.061517,"PICKENS"
"1214","SC","RICHLAND",7,38.65,-88.047886,"RICHLAND"
"1215","SC","SALUDA",1,33.88797,-81.679404,"SALUDA"
"1216","SC","SPARTANBURG",9,35.011309,-81.993403,"SPARTANBURG"
"1217","SC","SUMTER",1,32.621168,-88.285932,"SUMTER"
"1218","SC","WILLIAMSBURG",1,33.785465,-79.832218,"WILLIAMSBURG"
"1219","SC","YORK",2,43.279539,-70.740013,"YORK"
"1220","SD","BEADLE",1,44.325314,-98.013968,"BEADLE"
"1221","SD","BROOKINGS",1,44.304195,-96.667977,"BROOKINGS"
"1222","SD","BROWN",1,39.978147,-90.756924,"BROWN"
"1223","SD","CUSTER",1,38.095173,-105.421953,"CUSTER"
"1224","SD","HUGHES",2,35.028521,-96.235928,"HUGHES"
"1225","SD","HYDE",1,35.325223,-76.028472,"HYDE"
"1226","SD","JACKSON",1,34.799983,-85.803464,"JACKSON"
"1227","SD","KINGSBURY",1,44.245942,-97.32031,"KINGSBURY"
"1228","SD","MC COOK",1,43.572888,-97.248418,"MC COOK"
"1229","SD","MEADE",2,37.279983,-100.211034,"MEADE"
"1230","SD","MINNEHAHA",4,43.64514,-96.814589,"MINNEHAHA"
"1231","SD","PENNINGTON",2,48.076333,-96.149002,"PENNINGTON"
"1232","SD","PERKINS",1,40.850739,-101.649075,"PERKINS"
"1233","SD","ROBERTS",1,45.616422,-96.849416,"ROBERTS"
"1234","SD","TODD",1,36.929243,-87.219328,"TODD"
"1235","TN","ANDERSON",1,38.213685,-95.299014,"ANDERSON"
"1236","TN","BEDFORD",2,40.198627,-78.622801,"BEDFORD"
"1237","TN","BENTON",1,36.397805,-94.043837,"BENTON"
"1238","TN","BLOUNT",5,33.922162,-86.449262,"BLOUNT"
"1239","TN","BRADLEY",5,33.566349,-92.240352,"BRADLEY"
"1240","TN","CANNON",1,35.933832,-86.112561,"CANNON"
"1241","TN","CARROLL",1,36.431111,-93.699392,"CARROLL"
"1242","TN","CHEATHAM",1,36.297807,-87.083657,"CHEATHAM"
"1243","TN","CLAIBORNE",4,32.68552,-93.033603,"CLAIBORNE"
"1244","TN","COFFEE",1,31.407434,-86.083517,"COFFEE"
"1245","TN","DAVIDSON",12,35.608108,-80.144554,"DAVIDSON"
"1246","TN","DE KALB",1,34.337295,-85.85769,"DE KALB"
"1247","TN","DECATUR",1,30.835331,-84.511949,"DECATUR"
"1248","TN","DICKSON",2,36.039122,-87.26284,"DICKSON"
"1249","TN","FAYETTE",1,33.712675,-87.774117,"FAYETTE"
"1250","TN","GIBSON",1,38.202701,-87.577358,"GIBSON"
"1251","TN","GRAINGER",1,36.250636,-83.493998,"GRAINGER"
"1252","TN","GREENE",3,32.737366,-87.967724,"GREENE"
"1253","TN","GRUNDY",1,42.260476,-92.806788,"GRUNDY"
"1254","TN","HAMBLEN",1,36.213293,-83.275211,"HAMBLEN"
"1255","TN","HAMILTON",2,30.495814,-82.985428,"HAMILTON"
"1256","TN","HAWKINS",1,36.495148,-82.732009,"HAWKINS"
"1257","TN","HENDERSON",2,40.853583,-90.864536,"HENDERSON"
"1258","TN","HICKMAN",1,36.680798,-88.979474,"HICKMAN"
"1259","TN","JEFFERSON",2,33.578097,-86.987228,"JEFFERSON"
"1260","TN","JOHNSON",2,35.473886,-93.516564,"JOHNSON"
"1261","TN","KNOX",11,40.964613,-90.213654,"KNOX"
"1262","TN","LAUDERDALE",3,34.942388,-87.273375,"LAUDERDALE"
"1263","TN","LAWRENCE",1,34.673954,-87.28962,"LAWRENCE"
"1264","TN","LOUDON",4,35.674723,-84.189652,"LOUDON"
"1265","TN","MACON",1,32.250651,-85.752417,"MACON"
"1266","TN","MARION",2,34.16493,-87.739592,"MARION"
"1267","TN","MAURY",2,35.712381,-86.901661,"MAURY"
"1268","TN","MC MINN",2,35.457491,-84.63982,"MC MINN"
"1269","TN","MC NAIRY",4,35.271057,-88.447528,"MC NAIRY"
"1270","TN","MONROE",1,31.56779,-87.250028,"MONROE"
"1271","TN","MONTGOMERY",2,32.310624,-86.186132,"MONTGOMERY"
"1272","TN","OBION",2,36.35288,-89.333345,"OBION"
"1273","TN","OVERTON",1,36.481086,-85.346687,"OVERTON"
"1274","TN","PUTNAM",1,29.799631,-81.627324,"PUTNAM"
"1275","TN","ROANE",2,35.919953,-84.516642,"ROANE"
"1276","TN","ROBERTSON",1,38.531698,-84.035565,"ROBERTSON"
"1277","TN","RUTHERFORD",2,35.440832,-81.789415,"RUTHERFORD"
"1278","TN","SEQUATCHIE",1,35.386535,-85.376504,"SEQUATCHIE"
"1279","TN","SHELBY",16,33.193415,-86.794377,"SHELBY"
"1280","TN","SULLIVAN",6,38.966806,-87.384354,"SULLIVAN"
"1281","TN","SUMNER",2,37.248959,-97.690887,"SUMNER"
"1282","TN","UNION",2,33.266043,-92.597514,"UNION"
"1283","TN","VAN BUREN",1,35.404671,-92.4808,"VAN BUREN"
"1284","TN","WARREN",5,33.447102,-82.642214,"WARREN"
"1285","TN","WASHINGTON",1,31.406683,-88.175846,"WASHINGTON"
"1286","TN","WEAKLEY",2,36.313605,-88.742473,"WEAKLEY"
"1287","TN","WHITE",2,35.331399,-91.520754,"WHITE"
"1288","TN","WILLIAMSON",1,37.80308,-89.009201,"WILLIAMSON"
"1289","TN","WILSON",1,37.525023,-95.661801,"WILSON"
"1290","TX","ANDERSON",4,38.213685,-95.299014,"ANDERSON"
"1291","TX","ARANSAS",1,28.058922,-97.052415,"ARANSAS"
"1292","TX","AUSTIN",1,29.864772,-96.321766,"AUSTIN"
"1293","TX","BASTROP",3,30.140905,-97.313592,"BASTROP"
"1294","TX","BEE",1,28.488192,-97.730956,"BEE"
"1295","TX","BEXAR",30,29.279376,-98.735851,"BEXAR"
"1296","TX","BLANCO",2,30.137027,-98.419985,"BLANCO"
"1297","TX","BOWIE",5,33.411321,-94.177354,"BOWIE"
"1298","TX","BRAZORIA",4,28.995948,-95.520413,"BRAZORIA"
"1299","TX","BRAZOS",3,30.667044,-96.361631,"BRAZOS"
"1300","TX","BROWN",2,39.978147,-90.756924,"BROWN"
"1301","TX","BURNET",3,30.74431,-98.08625,"BURNET"
"1302","TX","CALDWELL",1,37.201173,-87.988003,"CALDWELL"
"1303","TX","CAMERON",5,29.791099,-93.437979,"CAMERON"
"1304","TX","CASS",3,41.390677,-94.813882,"CASS"
"1305","TX","COLLIN",4,33.208033,-96.646773,"COLLIN"
"1306","TX","COLORADO",1,29.60466,-96.524899,"COLORADO"
"1307","TX","COMAL",2,29.881355,-98.408614,"COMAL"
"1308","TX","COOKE",2,33.490924,-97.313913,"COOKE"
"1309","TX","CORYELL",1,31.202919,-97.930051,"CORYELL"
"1310","TX","DALLAS",23,32.43372,-87.055532,"DALLAS"
"1311","TX","DENTON",8,33.007436,-96.895893,"DENTON"
"1312","TX","DIMMIT",1,28.448923,-99.759184,"DIMMIT"
"1313","TX","EASTLAND",1,32.228414,-98.819663,"EASTLAND"
"1314","TX","ECTOR",3,31.981472,-102.615727,"ECTOR"
"1315","TX","EL PASO",19,39.086393,-104.807666,"EL PASO"
"1316","TX","ELLIS",1,38.878202,-99.334803,"ELLIS"
"1317","TX","FALLS",1,31.103376,-96.998652,"FALLS"
"1318","TX","FANNIN",1,34.831246,-84.331339,"FANNIN"
"1319","TX","FOARD",1,33.968163,-99.641288,"FOARD"
"1320","TX","FORT BEND",8,29.50401,-95.919107,"FORT BEND"
"1321","TX","FRIO",1,28.965841,-98.857837,"FRIO"
"1322","TX","GALVESTON",2,29.403211,-95.073408,"GALVESTON"
"1323","TX","GILLESPIE",2,30.373945,-99.096213,"GILLESPIE"
"1324","TX","GRAY",1,37.803608,-100.338634,"GRAY"
"1325","TX","GRAYSON",1,37.552184,-86.483592,"GRAYSON"
"1326","TX","GREGG",3,32.517846,-94.730285,"GREGG"
"1327","TX","GUADALUPE",2,34.781908,-104.718891,"GUADALUPE"
"1328","TX","HARDIN",3,42.430997,-93.390638,"HARDIN"
"1329","TX","HARRIS",49,32.661625,-84.855447,"HARRIS"
"1330","TX","HARRISON",2,41.779196,-95.716392,"HARRISON"
"1331","TX","HENDERSON",1,40.853583,-90.864536,"HENDERSON"
"1332","TX","HIDALGO",7,32.055007,-108.62913,"HIDALGO"
"1333","TX","HOOD",3,32.473973,-97.67747,"HOOD"
"1334","TX","HOUSTON",1,31.148124,-85.371845,"HOUSTON"
"1335","TX","HUTCHINSON",2,43.321384,-97.547869,"HUTCHINSON"
"1336","TX","JACKSON",1,34.799983,-85.803464,"JACKSON"
"1337","TX","JEFFERSON",2,33.578097,-86.987228,"JEFFERSON"
"1338","TX","JIM WELLS",1,27.703829,-98.055296,"JIM WELLS"
"1339","TX","JOHNSON",4,35.473886,-93.516564,"JOHNSON"
"1340","TX","KENDALL",1,41.698414,-88.427873,"KENDALL"
"1341","TX","KERR",1,29.931026,-99.067431,"KERR"
"1342","TX","LEE",1,32.621147,-85.392878,"LEE"
"1343","TX","LEON",1,30.418514,-84.203379,"LEON"
"1344","TX","LIBERTY",2,30.419284,-84.97804,"LIBERTY"
"1345","TX","LUBBOCK",4,33.593715,-101.814803,"LUBBOCK"
"1346","TX","MATAGORDA",2,28.798156,-95.651058,"MATAGORDA"
"1347","TX","MC LENNAN",4,31.308813,-97.277397,"MC LENNAN"
"1348","TX","MIDLAND",3,43.720284,-84.52035,"MIDLAND"
"1349","TX","MITCHELL",2,31.358861,-84.100301,"MITCHELL"
"1350","TX","MONTAGUE",1,33.530011,-97.856849,"MONTAGUE"
"1351","TX","MONTGOMERY",8,32.310624,-86.186132,"MONTGOMERY"
"1352","TX","MORRIS",1,38.565758,-96.801336,"MORRIS"
"1353","TX","NACOGDOCHES",1,31.714047,-94.841773,"NACOGDOCHES"
"1354","TX","NAVARRO",2,32.036797,-96.666279,"NAVARRO"
"1355","TX","NEWTON",1,35.924868,-93.232298,"NEWTON"
"1356","TX","NOLAN",2,32.175814,-100.289569,"NOLAN"
"1357","TX","NUECES",3,27.836111,-97.530388,"NUECES"
"1358","TX","PARKER",2,32.681918,-97.779522,"PARKER"
"1359","TX","POLK",1,34.537164,-94.0972,"POLK"
"1360","TX","POTTER",1,41.615099,-77.957975,"POTTER"
"1361","TX","REEVES",1,31.383297,-103.556598,"REEVES"
"1362","TX","SABINE",1,31.794655,-93.534539,"SABINE"
"1363","TX","SAN PATRICIO",1,27.912454,-97.188437,"SAN PATRICIO"
"1364","TX","SMITH",4,39.766784,-98.919297,"SMITH"
"1365","TX","STARR",1,26.421394,-98.848757,"STARR"
"1366","TX","TARRANT",30,32.771419,-97.291484,"TARRANT"
"1367","TX","TOM GREEN",2,31.349348,-100.494912,"TOM GREEN"
"1368","TX","TRAVIS",11,30.326374,-97.771258,"TRAVIS"
"1369","TX","UPSHUR",3,32.769819,-94.703213,"UPSHUR"
"1370","TX","UVALDE",1,29.240446,-99.727018,"UVALDE"
"1371","TX","VAL VERDE",1,29.763171,-101.230032,"VAL VERDE"
"1372","TX","VAN ZANDT",1,32.611471,-95.900705,"VAN ZANDT"
"1373","TX","VICTORIA",1,28.777373,-97.026681,"VICTORIA"
"1374","TX","WALKER",1,33.804411,-87.202136,"WALKER"
"1375","TX","WEBB",2,27.515879,-99.494078,"WEBB"
"1376","TX","WHEELER",1,32.143021,-82.82677,"WHEELER"
"1377","TX","WICHITA",2,38.477827,-101.293036,"WICHITA"
"1378","TX","WILLACY",2,26.561287,-97.429952,"WILLACY"
"1379","TX","WILLIAMSON",8,37.80308,-89.009201,"WILLIAMSON"
"1380","TX","WILSON",2,37.525023,-95.661801,"WILSON"
"1381","TX","WISE",1,33.111268,-97.638617,"WISE"
"1382","TX","WOOD",3,41.376449,-83.613714,"WOOD"
"1383","UT","BEAVER",1,36.750783,-100.478393,"BEAVER"
"1384","UT","CARBON",1,45.161913,-109.158349,"CARBON"
"1385","UT","DAVIS",4,40.746315,-92.406245,"DAVIS"
"1386","UT","IRON",1,46.030951,-88.377097,"IRON"
"1387","UT","SALT LAKE",14,40.592045,-112.0786,"SALT LAKE"
"1388","UT","UTAH",5,40.395796,-111.803101,"UTAH"
"1389","UT","WASHINGTON",4,31.406683,-88.175846,"WASHINGTON"
"1390","UT","WEBER",3,41.178743,-112.052525,"WEBER"
"1391","VA","ACCOMACK",3,37.712919,-75.661132,"ACCOMACK"
"1392","VA","ALBEMARLE",2,38.093604,-78.561139,"ALBEMARLE"
"1393","VA","ALEXANDRIA CITY",4,38.823062,-77.079622,"ALEXANDRIA CITY"
"1394","VA","ARLINGTON",5,38.885484,-77.099113,"ARLINGTON"
"1395","VA","BOTETOURT",1,37.351517,-79.905211,"BOTETOURT"
"1396","VA","BRISTOL CITY",1,36.613815,-82.176238,"BRISTOL CITY"
"1397","VA","BRUNSWICK",2,33.926255,-78.07127,"BRUNSWICK"
"1398","VA","BUCHANAN",1,42.570346,-91.748063,"BUCHANAN"
"1399","VA","BUCKINGHAM",1,37.563225,-78.53643,"BUCKINGHAM"
"1400","VA","CHARLOTTE",1,26.901981,-82.000005,"CHARLOTTE"
"1401","VA","CHESAPEAKE CITY",2,36.749991,-76.218759,"CHESAPEAKE CITY"
"1402","VA","CHESTERFIELD",5,34.470238,-80.256814,"CHESTERFIELD"
"1403","VA","CLARKE",1,31.58842,-87.840875,"CLARKE"
"1404","VA","COLONIAL HEIGHTS CITY",1,37.26219,-77.396989,"COLONIAL HEIGHTS CITY"
"1405","VA","COVINGTON CITY",1,37.780216,-79.986963,"COVINGTON CITY"
"1406","VA","DANVILLE CITY",2,36.603501,-79.376228,"DANVILLE CITY"
"1407","VA","FAIRFAX",12,38.84479,-77.46701,"FAIRFAX"
"1408","VA","FAIRFAX CITY",2,38.853231,-77.305097,"FAIRFAX CITY"
"1409","VA","FAUQUIER",1,38.840456,-77.891136,"FAUQUIER"
"1410","VA","FREDERICKSBURG CITY",1,38.295135,-77.483689,"FREDERICKSBURG CITY"
"1411","VA","GALAX CITY",2,36.660281,-80.913605,"GALAX CITY"
"1412","VA","GOOCHLAND",1,37.733844,-77.888082,"GOOCHLAND"
"1413","VA","GREENSVILLE",1,36.721471,-77.531996,"GREENSVILLE"
"1414","VA","HALIFAX",3,36.279884,-77.723443,"HALIFAX"
"1415","VA","HANOVER",4,37.754912,-77.480128,"HANOVER"
"1416","VA","HENRICO",6,37.531296,-77.416103,"HENRICO"
"1417","VA","HOPEWELL CITY",1,37.286676,-77.296596,"HOPEWELL CITY"
"1418","VA","LANCASTER",1,40.664491,-96.518083,"LANCASTER"
"1419","VA","LEE",1,32.621147,-85.392878,"LEE"
"1420","VA","LOUDOUN",2,39.002125,-77.442066,"LOUDOUN"
"1421","VA","LYNCHBURG CITY",2,37.383112,-79.178326,"LYNCHBURG CITY"
"1422","VA","MANASSAS CITY",2,38.744685,-77.487162,"MANASSAS CITY"
"1423","VA","MATHEWS",2,37.410286,-76.294103,"MATHEWS"
"1424","VA","MECKLENBURG",1,35.473286,-80.872585,"MECKLENBURG"
"1425","VA","NEWPORT NEWS CITY",4,37.058296,-76.463471,"NEWPORT NEWS CITY"
"1426","VA","NORFOLK CITY",1,36.895911,-76.208521,"NORFOLK CITY"
"1427","VA","NOTTOWAY",3,37.12237,-77.978923,"NOTTOWAY"
"1428","VA","ORANGE",1,33.640302,-117.769442,"ORANGE"
"1429","VA","PAGE",1,40.718258,-95.16372,"PAGE"
"1430","VA","PATRICK",1,36.612434,-80.504446,"PATRICK"
"1431","VA","PETERSBURG CITY",1,37.21713,-77.389253,"PETERSBURG CITY"
"1432","VA","PITTSYLVANIA",2,36.594226,-79.616614,"PITTSYLVANIA"
"1433","VA","PORTSMOUTH CITY",2,36.811498,-76.367715,"PORTSMOUTH CITY"
"1434","VA","PRINCE GEORGE",1,37.233941,-77.334831,"PRINCE GEORGE"
"1435","VA","PRINCE WILLIAM",1,38.734255,-77.547383,"PRINCE WILLIAM"
"1436","VA","PULASKI",1,34.694468,-92.425087,"PULASKI"
"1437","VA","RADFORD CITY",1,37.119732,-80.556541,"RADFORD CITY"
"1438","VA","RICHMOND CITY",3,37.524246,-77.493157,"RICHMOND CITY"
"1439","VA","ROANOKE",2,37.250349,-80.05251,"ROANOKE"
"1440","VA","ROANOKE CITY",1,37.274175,-79.95786,"ROANOKE CITY"
"1441","VA","ROCKINGHAM",4,36.348831,-79.894851,"ROCKINGHAM"
"1442","VA","RUSSELL",2,32.286092,-85.161497,"RUSSELL"
"1443","VA","SHENANDOAH",5,38.983383,-78.403766,"SHENANDOAH"
"1444","VA","SPOTSYLVANIA",1,38.271969,-77.606772,"SPOTSYLVANIA"
"1445","VA","STAUNTON CITY",1,38.157368,-79.065116,"STAUNTON CITY"
"1446","VA","SURRY",2,36.385903,-80.589507,"SURRY"
"1447","VA","SUSSEX",1,38.555533,-75.186955,"SUSSEX"
"1448","VA","TAZEWELL",1,40.425189,-89.62064,"TAZEWELL"
"1449","VA","VIRGINIA BEACH CITY",10,36.844004,-76.12036,"VIRGINIA BEACH CITY"
"1450","VA","WARREN",2,33.447102,-82.642214,"WARREN"
"1451","VA","WASHINGTON",1,31.406683,-88.175846,"WASHINGTON"
"1452","VA","WAYNESBORO CITY",1,38.065794,-78.903445,"WAYNESBORO CITY"
"1453","VA","WINCHESTER CITY",1,39.169668,-78.16856,"WINCHESTER CITY"
"1454","VA","YORK",1,43.279539,-70.740013,"YORK"
"1455","VT","CHITTENDEN",5,44.507404,-73.151384,"CHITTENDEN"
"1456","VT","FRANKLIN",1,34.373392,-87.946916,"FRANKLIN"
"1457","VT","LAMOILLE",1,44.724842,-72.701554,"LAMOILLE"
"1458","VT","ORLEANS",2,29.958304,-90.077,"ORLEANS"
"1459","VT","RUTLAND",2,43.630346,-72.93586,"RUTLAND"
"1460","VT","WASHINGTON",1,31.406683,-88.175846,"WASHINGTON"
"1461","VT","WINDHAM",2,41.845504,-72.091889,"WINDHAM"
"1462","WA","ASOTIN",1,46.121593,-117.17858,"ASOTIN"
"1463","WA","BENTON",5,36.397805,-94.043837,"BENTON"
"1464","WA","CLALLAM",3,48.006094,-124.360572,"CLALLAM"
"1465","WA","CLARK",6,34.055486,-93.189406,"CLARK"
"1466","WA","GRAYS HARBOR",2,47.002735,-123.67129,"GRAYS HARBOR"
"1467","WA","ISLAND",3,47.956934,-122.417721,"ISLAND"
"1468","WA","JEFFERSON",2,33.578097,-86.987228,"JEFFERSON"
"1469","WA","KING",30,33.616572,-100.254835,"KING"
"1470","WA","KITSAP",4,47.680763,-122.576199,"KITSAP"
"1471","WA","LEWIS",3,46.269379,-116.539248,"LEWIS"
"1472","WA","MASON",1,40.305929,-89.8716,"MASON"
"1473","WA","OKANOGAN",1,48.365236,-119.829391,"OKANOGAN"
"1474","WA","PIERCE",14,31.326324,-82.271206,"PIERCE"
"1475","WA","SKAGIT",5,48.499172,-122.607111,"SKAGIT"
"1476","WA","SNOHOMISH",13,47.840068,-122.197238,"SNOHOMISH"
"1477","WA","SPOKANE",10,47.643803,-117.59205,"SPOKANE"
"1478","WA","STEVENS",1,37.243161,-101.281684,"STEVENS"
"1479","WA","THURSTON",4,42.146597,-96.545297,"THURSTON"
"1480","WA","WALLA WALLA",2,46.196597,-118.901678,"WALLA WALLA"
"1481","WA","WHATCOM",3,48.688554,-122.186966,"WHATCOM"
"1482","WA","WHITMAN",1,46.96178,-117.687163,"WHITMAN"
"1483","WA","YAKIMA",1,46.644476,-120.725557,"YAKIMA"
"1484","WI","ADAMS",1,39.788286,-104.822765,"ADAMS"
"1485","WI","BROWN",6,39.978147,-90.756924,"BROWN"
"1486","WI","BURNETT",1,45.972603,-92.292996,"BURNETT"
"1487","WI","CALUMET",2,44.020561,-88.185906,"CALUMET"
"1488","WI","CHIPPEWA",1,46.278437,-84.196899,"CHIPPEWA"
"1489","WI","DANE",6,42.903829,-89.586339,"DANE"
"1490","WI","DODGE",1,32.150374,-83.055544,"DODGE"
"1491","WI","DOOR",1,45.077002,-87.14603,"DOOR"
"1492","WI","EAU CLAIRE",2,44.75653,-91.473097,"EAU CLAIRE"
"1493","WI","FOND DU LAC",3,43.682727,-88.350947,"FOND DU LAC"
"1494","WI","GRANT",1,34.152591,-92.304314,"GRANT"
"1495","WI","GREEN",1,37.27586,-85.519334,"GREEN"
"1496","WI","GREEN LAKE",1,43.679317,-89.186656,"GREEN LAKE"
"1497","WI","JACKSON",1,34.799983,-85.803464,"JACKSON"
"1498","WI","JEFFERSON",2,33.578097,-86.987228,"JEFFERSON"
"1499","WI","KEWAUNEE",1,44.596017,-87.540266,"KEWAUNEE"
"1500","WI","LA CROSSE",2,43.85456,-91.132072,"LA CROSSE"
"1501","WI","LANGLADE",1,45.160809,-89.093942,"LANGLADE"
"1502","WI","MANITOWOC",1,43.935653,-87.80346,"MANITOWOC"
"1503","WI","MARATHON",2,44.961874,-89.794002,"MARATHON"
"1504","WI","MILWAUKEE",13,42.948015,-87.866831,"MILWAUKEE"
"1505","WI","MONROE",1,31.56779,-87.250028,"MONROE"
"1506","WI","OCONTO",1,44.792284,-88.044067,"OCONTO"
"1507","WI","ONEIDA",1,42.234859,-112.599201,"ONEIDA"
"1508","WI","OUTAGAMIE",5,44.470235,-88.454719,"OUTAGAMIE"
"1509","WI","PIERCE",1,31.326324,-82.271206,"PIERCE"
"1510","WI","POLK",1,34.537164,-94.0972,"POLK"
"1511","WI","PORTAGE",2,41.040507,-81.194614,"PORTAGE"
"1512","WI","RACINE",2,42.692103,-88.228793,"RACINE"
"1513","WI","ROCK",3,43.612344,-96.364663,"ROCK"
"1514","WI","SAUK",2,43.364531,-89.66396,"SAUK"
"1515","WI","SHAWANO",1,44.699153,-88.454312,"SHAWANO"
"1516","WI","TREMPEALEAU",1,44.251711,-91.387699,"TREMPEALEAU"
"1517","WI","VERNON",1,30.96842,-93.520348,"VERNON"
"1518","WI","WALWORTH",2,45.29069,-99.991823,"WALWORTH"
"1519","WI","WASHBURN",1,45.922016,-91.811707,"WASHBURN"
"1520","WI","WASHINGTON",1,31.406683,-88.175846,"WASHINGTON"
"1521","WI","WAUKESHA",7,43.062707,-88.105906,"WAUKESHA"
"1522","WI","WAUSHARA",2,44.026085,-89.486854,"WAUSHARA"
"1523","WI","WINNEBAGO",2,43.37731,-93.803062,"WINNEBAGO"
"1524","WI","WOOD",1,41.376449,-83.613714,"WOOD"
"1525","WV","BARBOUR",1,31.805322,-85.421299,"BARBOUR"
"1526","WV","BRAXTON",1,38.777546,-80.656974,"BRAXTON"
"1527","WV","BROOKE",1,40.225862,-80.65135,"BROOKE"
"1528","WV","CABELL",2,38.379347,-82.264954,"CABELL"
"1529","WV","CLAY",1,33.116229,-86.138624,"CLAY"
"1530","WV","FAYETTE",1,33.712675,-87.774117,"FAYETTE"
"1531","WV","GREENBRIER",2,37.844155,-80.538781,"GREENBRIER"
"1532","WV","HANCOCK",1,33.257068,-83.08922,"HANCOCK"
"1533","WV","HARRISON",4,41.779196,-95.716392,"HARRISON"
"1534","WV","JACKSON",1,34.799983,-85.803464,"JACKSON"
"1535","WV","JEFFERSON",1,33.578097,-86.987228,"JEFFERSON"
"1536","WV","KANAWHA",4,38.243675,-81.771226,"KANAWHA"
"1537","WV","LEWIS",2,46.269379,-116.539248,"LEWIS"
"1538","WV","LINCOLN",2,34.024648,-91.626178,"LINCOLN"
"1539","WV","MARION",1,34.16493,-87.739592,"MARION"
"1540","WV","MASON",1,40.305929,-89.8716,"MASON"
"1541","WV","MC DOWELL",1,37.411086,-81.539352,"MC DOWELL"
"1542","WV","MERCER",3,41.197762,-90.730944,"MERCER"
"1543","WV","MONONGALIA",2,39.609911,-79.983141,"MONONGALIA"
"1544","WV","NICHOLAS",1,38.334059,-83.994865,"NICHOLAS"
"1545","WV","OHIO",1,38.958134,-84.984085,"OHIO"
"1546","WV","PUTNAM",4,29.799631,-81.627324,"PUTNAM"
"1547","WV","RANDOLPH",1,33.456308,-85.369167,"RANDOLPH"
"1548","WV","SUMMERS",1,37.674782,-80.890043,"SUMMERS"
"1549","WV","UPSHUR",1,32.769819,-94.703213,"UPSHUR"
"1550","WV","WAYNE",1,31.600775,-81.957787,"WAYNE"
"1551","WV","WEBSTER",2,32.076133,-84.543517,"WEBSTER"
"1552","WV","WOOD",3,41.376449,-83.613714,"WOOD"
"1553","WY","CROOK",1,44.127641,-119.864655,"CROOK"
"1554","WY","FREMONT",3,38.477727,-105.507603,"FREMONT"
"1555","WY","LARAMIE",1,41.25173,-104.56264,"LARAMIE"
"1556","WY","NATRONA",2,42.859875,-106.312561,"NATRONA"
