"Sno","STATE","COUNTY","cases","lat","lon","check"
"1","AK","ANCHORAGE",2,61.287624,-149.486981,"ANCHORAGE"
"2","AL","AUTAUGA",1,32.450328,-86.721712,"AUTAUGA"
"3","AL","BUTLER",1,31.642713,-86.734317,"BUTLER"
"4","AL","CALHOUN",1,33.759768,-85.792328,"CALHOUN"
"5","AL","CLAY",2,33.116229,-86.138624,"CLAY"
"6","AL","ETOWAH",1,34.024285,-86.074145,"ETOWAH"
"7","AL","FRANKLIN",1,34.373392,-87.946916,"FRANKLIN"
"8","AL","JEFFERSON",1,33.578097,-86.987228,"JEFFERSON"
"9","AL","LAUDERDALE",2,34.942388,-87.273375,"LAUDERDALE"
"10","AL","LEE",1,32.621147,-85.392878,"LEE"
"11","AL","MOBILE",5,30.939368,-88.015868,"MOBILE"
"12","AL","RANDOLPH",1,33.456308,-85.369167,"RANDOLPH"
"13","AL","ST. CLAIR",1,33.603543,-86.466833,"ST. CLAIR"
"14","AL","TUSCALOOSA",1,33.241899,-87.597599,"TUSCALOOSA"
"15","AL","WINSTON",1,34.229897,-87.358538,"WINSTON"
"16","AR","ARKANSAS",1,34.38443,-91.392364,"ARKANSAS"
"17","AR","BENTON",1,36.397805,-94.043837,"BENTON"
"18","AR","BOONE",1,36.295086,-93.092861,"BOONE"
"19","AR","CONWAY",1,35.311464,-92.572763,"CONWAY"
"20","AR","CRAWFORD",1,35.479157,-94.193334,"CRAWFORD"
"21","AR","JACKSON",1,34.799983,-85.803464,"JACKSON"
"22","AR","LAWRENCE",1,34.673954,-87.28962,"LAWRENCE"
"23","AR","NEVADA",1,33.70082,-93.294126,"NEVADA"
"24","AR","PULASKI",1,34.694468,-92.425087,"PULASKI"
"25","AR","SALINE",1,34.509071,-92.482828,"SALINE"
"26","AR","WASHINGTON",2,31.406683,-88.175846,"WASHINGTON"
"27","AZ","MARICOPA",6,33.703967,-112.351835,"MARICOPA"
"28","AZ","PIMA",2,31.970131,-111.890713,"PIMA"
"29","AZ","PINAL",1,33.393398,-111.478975,"PINAL"
"30","AZ","YAVAPAI",1,34.075451,-112.134005,"YAVAPAI"
"31","AZ","YUMA",3,32.825705,-113.525199,"YUMA"
"32","CA","ALAMEDA",2,37.770563,-122.264779,"ALAMEDA"
"33","CA","CALAVERAS",1,38.092294,-120.535316,"CALAVERAS"
"34","CA","CONTRA COSTA",1,37.832075,-121.916718,"CONTRA COSTA"
"35","CA","FRESNO",4,36.247025,-120.381432,"FRESNO"
"36","CA","IMPERIAL",1,32.782242,-114.561905,"IMPERIAL"
"37","CA","KERN",1,35.311064,-118.659604,"KERN"
"38","CA","LOS ANGELES",22,33.973951,-118.248405,"LOS ANGELES"
"39","CA","MARIN",1,37.970948,-122.504286,"MARIN"
"40","CA","MENDOCINO",1,39.168027,-123.393401,"MENDOCINO"
"41","CA","MONTEREY",2,35.907585,-120.937371,"MONTEREY"
"42","CA","NAPA",1,38.57145,-122.450215,"NAPA"
"43","CA","ORANGE",5,33.640302,-117.769442,"ORANGE"
"44","CA","PLACER",1,39.014933,-121.07047,"PLACER"
"45","CA","RIVERSIDE",4,33.752886,-116.055617,"RIVERSIDE"
"46","CA","SACRAMENTO",6,38.380456,-121.555406,"SACRAMENTO"
"47","CA","SAN BERNARDINO",3,34.839964,-115.967051,"SAN BERNARDINO"
"48","CA","SAN DIEGO",9,32.74081,-116.976341,"SAN DIEGO"
"49","CA","SAN FRANCISCO",1,37.784827,-122.727802,"SAN FRANCISCO"
"50","CA","SAN JOAQUIN",1,37.672196,-121.298794,"SAN JOAQUIN"
"51","CA","SAN LUIS OBISPO",1,35.265573,-120.62122,"SAN LUIS OBISPO"
"52","CA","SAN MATEO",2,37.516644,-122.29339,"SAN MATEO"
"53","CA","SANTA BARBARA",2,34.405045,-119.520525,"SANTA BARBARA"
"54","CA","SANTA CLARA",1,37.238842,-121.885066,"SANTA CLARA"
"55","CA","SANTA CRUZ",1,31.609653,-110.563551,"SANTA CRUZ"
"56","CA","SHASTA",1,40.675738,-122.456982,"SHASTA"
"57","CA","SOLANO",2,38.1012,-122.032061,"SOLANO"
"58","CA","SONOMA",4,38.351416,-122.974134,"SONOMA"
"59","CA","STANISLAUS",2,37.561889,-120.967976,"STANISLAUS"
"60","CA","TEHAMA",1,40.125399,-122.135411,"TEHAMA"
"61","CA","TULARE",1,35.85829,-119.303735,"TULARE"
"62","CA","VENTURA",2,34.032383,-119.1343,"VENTURA"
"63","CA","YOLO",1,38.591854,-121.537801,"YOLO"
"64","CA","YUBA",1,39.08337,-121.397892,"YUBA"
"65","CO","ADAMS",4,39.788286,-104.822765,"ADAMS"
"66","CO","ARAPAHOE",2,39.715287,-104.84748,"ARAPAHOE"
"67","CO","BOULDER",1,40.046064,-105.097151,"BOULDER"
"68","CO","BROOMFIELD",1,39.920541,-105.08665,"BROOMFIELD"
"69","CO","DENVER",1,39.726303,-104.856808,"DENVER"
"70","CO","EL PASO",1,39.086393,-104.807666,"EL PASO"
"71","CO","HUERFANO",1,37.787772,-105.18487,"HUERFANO"
"72","CO","JEFFERSON",2,33.578097,-86.987228,"JEFFERSON"
"73","CT","FAIRFIELD",4,41.165097,-73.129186,"FAIRFIELD"
"74","CT","HARTFORD",3,41.757944,-72.728272,"HARTFORD"
"75","CT","LITCHFIELD",2,42.001585,-73.295891,"LITCHFIELD"
"76","CT","NEW HAVEN",4,41.342514,-73.070301,"NEW HAVEN"
"77","CT","NEW LONDON",2,41.628008,-72.245422,"NEW LONDON"
"78","CT","WINDHAM",1,41.845504,-72.091889,"WINDHAM"
"79","DC","THE DISTRICT",1,38.911936,-77.016719,"THE DISTRICT"
"80","DE","NEW CASTLE",3,39.594736,-75.693903,"NEW CASTLE"
"81","DE","SUSSEX",1,38.555533,-75.186955,"SUSSEX"
"82","FL","BREVARD",1,28.699314,-80.895344,"BREVARD"
"83","FL","BROWARD",8,26.062416,-80.159667,"BROWARD"
"84","FL","COLLIER",7,25.855534,-81.38719,"COLLIER"
"85","FL","DE SOTO",1,27.186146,-81.809939,"DE SOTO"
"86","FL","DUVAL",1,30.337538,-81.768622,"DUVAL"
"87","FL","FLAGLER",2,29.402177,-81.33425,"FLAGLER"
"88","FL","HERNANDO",1,28.586197,-82.395858,"HERNANDO"
"89","FL","HILLSBOROUGH",3,27.764761,-82.273409,"HILLSBOROUGH"
"90","FL","INDIAN RIVER",4,27.775251,-80.609403,"INDIAN RIVER"
"91","FL","LEE",1,32.621147,-85.392878,"LEE"
"92","FL","MANATEE",3,27.404731,-82.470456,"MANATEE"
"93","FL","MARION",2,34.16493,-87.739592,"MARION"
"94","FL","MARTIN",1,27.050934,-80.158594,"MARTIN"
"95","FL","MIAMI-DADE",9,25.558428,-80.458168,"MIAMI-DADE"
"96","FL","NASSAU",1,30.521109,-81.906051,"NASSAU"
"97","FL","ORANGE",2,33.640302,-117.769442,"ORANGE"
"98","FL","OSCEOLA",1,28.263489,-81.512387,"OSCEOLA"
"99","FL","PALM BEACH",7,26.672643,-80.070613,"PALM BEACH"
"100","FL","PASCO",5,28.36886,-82.322756,"PASCO"
"101","FL","PINELLAS",6,27.775654,-82.64092,"PINELLAS"
"102","FL","POLK",3,34.537164,-94.0972,"POLK"
"103","FL","PUTNAM",1,29.799631,-81.627324,"PUTNAM"
"104","FL","SANTA ROSA",1,30.598564,-87.031496,"SANTA ROSA"
"105","FL","SARASOTA",6,27.143931,-82.404959,"SARASOTA"
"106","FL","SEMINOLE",1,28.666625,-81.365039,"SEMINOLE"
"107","FL","VOLUSIA",4,29.200508,-81.406458,"VOLUSIA"
"108","GA","BIBB",2,32.989499,-87.220392,"BIBB"
"109","GA","BULLOCH",1,32.352307,-81.6571,"BULLOCH"
"110","GA","CARROLL",2,36.431111,-93.699392,"CARROLL"
"111","GA","CHATHAM",2,32.107103,-81.291335,"CHATHAM"
"112","GA","CHEROKEE",1,34.359072,-85.611793,"CHEROKEE"
"113","GA","COBB",1,33.912473,-84.557181,"COBB"
"114","GA","COLQUITT",1,31.080682,-83.649138,"COLQUITT"
"115","GA","DE KALB",1,34.337295,-85.85769,"DE KALB"
"116","GA","EMANUEL",1,32.569871,-82.346181,"EMANUEL"
"117","GA","FAYETTE",1,33.712675,-87.774117,"FAYETTE"
"118","GA","FULTON",2,36.374704,-91.804608,"FULTON"
"119","GA","JONES",1,32.991607,-83.567362,"JONES"
"120","GA","LOWNDES",1,32.01285,-86.608238,"LOWNDES"
"121","GA","MUSCOGEE",1,32.563874,-84.991501,"MUSCOGEE"
"122","GA","PEACH",1,32.618051,-83.788976,"PEACH"
"123","GA","SPALDING",1,33.278205,-84.288803,"SPALDING"
"124","HI","HAWAII",2,19.269226,-155.757929,"HAWAII"
"125","HI","HONOLULU",4,21.39065,-157.927829,"HONOLULU"
"126","IA","BLACK HAWK",1,42.517091,-92.43585,"BLACK HAWK"
"127","IA","BUTLER",1,31.642713,-86.734317,"BUTLER"
"128","IA","CALHOUN",1,33.759768,-85.792328,"CALHOUN"
"129","IA","CERRO GORDO",2,43.116477,-93.270559,"CERRO GORDO"
"130","IA","DES MOINES",1,40.898412,-91.164393,"DES MOINES"
"131","IA","JACKSON",1,34.799983,-85.803464,"JACKSON"
"132","IA","JOHNSON",1,35.473886,-93.516564,"JOHNSON"
"133","IA","JONES",1,32.991607,-83.567362,"JONES"
"134","IA","POLK",4,34.537164,-94.0972,"POLK"
"135","IA","POWESHIEK",1,41.685324,-92.630258,"POWESHIEK"
"136","IA","RINGGOLD",1,40.846834,-94.088656,"RINGGOLD"
"137","IA","SCOTT",1,34.882558,-94.079724,"SCOTT"
"138","IA","WOODBURY",1,42.336668,-95.962495,"WOODBURY"
"139","ID","CANYON",1,43.630795,-116.717598,"CANYON"
"140","ID","KOOTENAI",2,47.922361,-116.686007,"KOOTENAI"
"141","IL","CHAMPAIGN",1,40.370897,-88.152546,"CHAMPAIGN"
"142","IL","CLINTON",1,41.9604,-90.636408,"CLINTON"
"143","IL","COOK",16,31.151742,-83.407143,"COOK"
"144","IL","DE KALB",1,34.337295,-85.85769,"DE KALB"
"145","IL","DU PAGE",3,41.887579,-88.022516,"DU PAGE"
"146","IL","HENRY",1,31.559402,-85.222965,"HENRY"
"147","IL","JEFFERSON",1,33.578097,-86.987228,"JEFFERSON"
"148","IL","KANE",1,42.045792,-88.539027,"KANE"
"149","IL","KANKAKEE",1,41.111151,-87.874618,"KANKAKEE"
"150","IL","KENDALL",1,41.698414,-88.427873,"KENDALL"
"151","IL","LAKE",1,38.946476,-122.657017,"LAKE"
"152","IL","MACON",1,32.250651,-85.752417,"MACON"
"153","IL","MACOUPIN",1,39.120709,-89.940021,"MACOUPIN"
"154","IL","MC HENRY",4,42.303999,-88.401604,"MC HENRY"
"155","IL","MONROE",1,31.56779,-87.250028,"MONROE"
"156","IL","MORGAN",1,34.549833,-86.995551,"MORGAN"
"157","IL","PEORIA",1,40.938808,-89.889949,"PEORIA"
"158","IL","SANGAMON",1,39.849893,-89.387944,"SANGAMON"
"159","IL","STEPHENSON",1,42.376127,-89.636483,"STEPHENSON"
"160","IL","VERMILION",1,40.344417,-87.701583,"VERMILION"
"161","IL","WAYNE",1,31.600775,-81.957787,"WAYNE"
"162","IL","WILL",1,41.356872,-87.626723,"WILL"
"163","IL","WINNEBAGO",2,43.37731,-93.803062,"WINNEBAGO"
"164","IN","ALLEN",1,41.103797,-85.292474,"ALLEN"
"165","IN","CLARK",1,34.055486,-93.189406,"CLARK"
"166","IN","DELAWARE",1,42.457286,-91.564233,"DELAWARE"
"167","IN","FLOYD",1,34.479253,-85.149208,"FLOYD"
"168","IN","HENDRICKS",2,39.736926,-86.483474,"HENDRICKS"
"169","IN","JASPER",1,33.431362,-83.790756,"JASPER"
"170","IN","JOHNSON",1,35.473886,-93.516564,"JOHNSON"
"171","IN","LAKE",2,38.946476,-122.657017,"LAKE"
"172","IN","MARSHALL",1,34.393855,-86.365403,"MARSHALL"
"173","IN","NOBLE",2,41.376028,-85.413862,"NOBLE"
"174","IN","SHELBY",1,33.193415,-86.794377,"SHELBY"
"175","IN","SPENCER",1,38.149611,-86.946217,"SPENCER"
"176","IN","ST. JOSEPH",1,41.734912,-86.139868,"ST. JOSEPH"
"177","IN","SULLIVAN",1,38.966806,-87.384354,"SULLIVAN"
"178","IN","VANDERBURGH",3,37.997128,-87.574963,"VANDERBURGH"
"179","IN","WABASH",1,38.527638,-87.706344,"WABASH"
"180","IN","WAYNE",1,31.600775,-81.957787,"WAYNE"
"181","KS","ALLEN",1,41.103797,-85.292474,"ALLEN"
"182","KS","ELK",1,37.383228,-96.272149,"ELK"
"183","KS","FINNEY",1,38.000771,-100.664407,"FINNEY"
"184","KS","FRANKLIN",1,34.373392,-87.946916,"FRANKLIN"
"185","KS","HARVEY",1,38.021434,-97.537188,"HARVEY"
"186","KS","JOHNSON",9,35.473886,-93.516564,"JOHNSON"
"187","KS","LABETTE",1,37.222616,-95.360819,"LABETTE"
"188","KS","RENO",2,37.954312,-97.88569,"RENO"
"189","KS","RUSSELL",1,32.286092,-85.161497,"RUSSELL"
"190","KY","BELL",1,36.714629,-83.64046,"BELL"
"191","KY","BOONE",1,36.295086,-93.092861,"BOONE"
"192","KY","BOYLE",1,37.636006,-84.849682,"BOYLE"
"193","KY","BRECKINRIDGE",1,37.847839,-86.463591,"BRECKINRIDGE"
"194","KY","CALLOWAY",1,36.690186,-88.283872,"CALLOWAY"
"195","KY","ESTILL",1,37.70424,-83.944815,"ESTILL"
"196","KY","FLOYD",1,34.479253,-85.149208,"FLOYD"
"197","KY","GRAVES",1,36.900149,-88.637039,"GRAVES"
"198","KY","JEFFERSON",1,33.578097,-86.987228,"JEFFERSON"
"199","KY","KENTON",1,39.05906,-84.542748,"KENTON"
"200","KY","KNOTT",1,37.318236,-83.068963,"KNOTT"
"201","KY","MADISON",1,34.719303,-86.475425,"MADISON"
"202","KY","MC CREARY",1,36.777331,-84.502512,"MC CREARY"
"203","KY","NELSON",2,37.822585,-85.466944,"NELSON"
"204","KY","SIMPSON",1,36.740598,-86.583305,"SIMPSON"
"205","KY","WARREN",1,33.447102,-82.642214,"WARREN"
"206","LA","ASCENSION",1,30.159584,-90.967424,"ASCENSION"
"207","LA","BOSSIER",1,32.725032,-93.63759,"BOSSIER"
"208","LA","CADDO",4,32.774283,-93.883624,"CADDO"
"209","LA","CALCASIEU",2,30.233355,-93.214903,"CALCASIEU"
"210","LA","E. BATON ROUGE",2,30.51589,-91.080373,"E. BATON ROUGE"
"211","LA","JACKSON",1,34.799983,-85.803464,"JACKSON"
"212","LA","JEFFERSON",2,33.578097,-86.987228,"JEFFERSON"
"213","LA","LAFOURCHE",1,29.640426,-90.599039,"LAFOURCHE"
"214","LA","PLAQUEMINES",1,29.620092,-89.771638,"PLAQUEMINES"
"215","LA","RAPIDES",1,31.175885,-92.431184,"RAPIDES"
"216","LA","ST. TAMMANY",1,30.477483,-89.955328,"ST. TAMMANY"
"217","LA","WEBSTER",1,32.076133,-84.543517,"WEBSTER"
"218","MA","BARNSTABLE",5,41.745505,-70.590471,"BARNSTABLE"
"219","MA","BERKSHIRE",1,42.190904,-73.051661,"BERKSHIRE"
"220","MA","BRISTOL",2,41.998799,-71.200894,"BRISTOL"
"221","MA","ESSEX",3,42.647991,-71.165685,"ESSEX"
"222","MA","HAMPDEN",4,42.140549,-72.788661,"HAMPDEN"
"223","MA","HAMPSHIRE",1,42.367092,-72.464571,"HAMPSHIRE"
"224","MA","MIDDLESEX",6,41.349098,-72.41338,"MIDDLESEX"
"225","MA","NORFOLK",3,42.076501,-71.470464,"NORFOLK"
"226","MA","PLYMOUTH",1,42.822482,-96.462952,"PLYMOUTH"
"227","MA","SUFFOLK",6,42.370567,-71.026964,"SUFFOLK"
"228","MA","WORCESTER",3,42.32916,-72.139465,"WORCESTER"
"229","MD","ALLEGANY",1,39.580691,-78.690593,"ALLEGANY"
"230","MD","ANNE ARUNDEL",2,38.802263,-76.645735,"ANNE ARUNDEL"
"231","MD","BALTIMORE",5,39.496406,-76.486624,"BALTIMORE"
"232","MD","BALTIMORE CITY",1,39.296536,-76.623489,"BALTIMORE CITY"
"233","MD","DORCHESTER",1,38.479813,-76.079864,"DORCHESTER"
"234","MD","HOWARD",1,34.136218,-94.044286,"HOWARD"
"235","MD","MONTGOMERY",3,32.310624,-86.186132,"MONTGOMERY"
"236","MD","PRINCE GEORGES",1,38.666071,-76.998396,"PRINCE GEORGES"
"237","MD","QUEEN ANNES",1,39.073391,-76.060665,"QUEEN ANNES"
"238","MD","WICOMICO",1,38.382445,-75.633621,"WICOMICO"
"239","ME","ANDROSCOGGIN",1,44.087422,-70.243848,"ANDROSCOGGIN"
"240","ME","CUMBERLAND",1,39.274017,-88.124598,"CUMBERLAND"
"241","ME","PENOBSCOT",1,45.061744,-68.878893,"PENOBSCOT"
"242","ME","WALDO",2,44.39559,-69.4168,"WALDO"
"243","ME","WASHINGTON",1,31.406683,-88.175846,"WASHINGTON"
"244","ME","YORK",1,43.279539,-70.740013,"YORK"
"245","MI","BAY",1,30.1922,-85.663027,"BAY"
"246","MI","BERRIEN",2,31.383968,-83.221348,"BERRIEN"
"247","MI","CALHOUN",2,33.759768,-85.792328,"CALHOUN"
"248","MI","EATON",1,42.574191,-84.838452,"EATON"
"249","MI","GENESEE",3,42.940019,-83.536923,"GENESEE"
"250","MI","HURON",1,43.79455,-82.949138,"HURON"
"251","MI","IONIA",1,42.98004,-85.128727,"IONIA"
"252","MI","LAPEER",1,42.934027,-83.052481,"LAPEER"
"253","MI","LIVINGSTON",1,41.059551,-88.417086,"LIVINGSTON"
"254","MI","MACOMB",3,42.850051,-82.894993,"MACOMB"
"255","MI","MASON",1,40.305929,-89.8716,"MASON"
"256","MI","MENOMINEE",1,45.601899,-87.519075,"MENOMINEE"
"257","MI","MONROE",1,31.56779,-87.250028,"MONROE"
"258","MI","OAKLAND",3,42.606088,-83.297593,"OAKLAND"
"259","MI","OTTAWA",1,39.019928,-97.622108,"OTTAWA"
"260","MI","SAGINAW",1,43.27849,-83.81449,"SAGINAW"
"261","MI","SHIAWASSEE",1,42.865732,-84.083097,"SHIAWASSEE"
"262","MI","WASHTENAW",2,42.266638,-83.849042,"WASHTENAW"
"263","MI","WAYNE",8,31.600775,-81.957787,"WAYNE"
"264","MN","CASS",1,41.390677,-94.813882,"CASS"
"265","MN","COTTONWOOD",1,43.900192,-95.046828,"COTTONWOOD"
"266","MN","CROW WING",1,46.350195,-94.099983,"CROW WING"
"267","MN","HENNEPIN",4,44.882838,-93.200671,"HENNEPIN"
"268","MN","MC LEOD",1,44.758102,-94.251718,"MC LEOD"
"269","MN","POLK",1,34.537164,-94.0972,"POLK"
"270","MN","POPE",1,35.706942,-92.843116,"POPE"
"271","MN","SCOTT",1,34.882558,-94.079724,"SCOTT"
"272","MN","STEELE",1,44.160283,-93.246471,"STEELE"
"273","MO","AUDRAIN",1,39.270895,-91.557429,"AUDRAIN"
"274","MO","BARRY",1,42.697951,-85.133685,"BARRY"
"275","MO","CALLAWAY",1,38.887421,-91.768887,"CALLAWAY"
"276","MO","CAMDEN",1,30.804684,-81.627717,"CAMDEN"
"277","MO","CHRISTIAN",1,39.37433,-89.198256,"CHRISTIAN"
"278","MO","DAVIESS",1,38.689503,-87.121505,"DAVIESS"
"279","MO","GASCONADE",1,38.395272,-91.406851,"GASCONADE"
"280","MO","JACKSON",3,34.799983,-85.803464,"JACKSON"
"281","MO","JASPER",1,33.431362,-83.790756,"JASPER"
"282","MO","JEFFERSON",2,33.578097,-86.987228,"JEFFERSON"
"283","MO","LACLEDE",1,37.769908,-92.74866,"LACLEDE"
"284","MO","MILLER",2,33.441724,-94.023737,"MILLER"
"285","MO","MONROE",1,31.56779,-87.250028,"MONROE"
"286","MO","NODAWAY",1,40.266817,-94.858117,"NODAWAY"
"287","MO","OREGON",2,36.692896,-91.397129,"OREGON"
"288","MO","PHELPS",1,37.898204,-91.797641,"PHELPS"
"289","MO","PIKE",1,31.839131,-85.928538,"PIKE"
"290","MO","POLK",1,34.537164,-94.0972,"POLK"
"291","MO","RANDOLPH",1,33.456308,-85.369167,"RANDOLPH"
"292","MO","SCOTT",2,34.882558,-94.079724,"SCOTT"
"293","MO","ST. LOUIS",2,47.256933,-92.00427,"ST. LOUIS"
"294","MO","ST. LOUIS CITY",2,38.631501,-90.19231,"ST. LOUIS CITY"
"295","MO","STE. GENEVIEVE",1,38.023217,-90.252806,"STE. GENEVIEVE"
"296","MO","TANEY",1,36.722523,-92.914606,"TANEY"
"297","MO","WEBSTER",2,32.076133,-84.543517,"WEBSTER"
"298","MS","BOLIVAR",1,34.074216,-90.75974,"BOLIVAR"
"299","MS","COAHOMA",1,34.256003,-90.634809,"COAHOMA"
"300","MS","DE SOTO",1,27.186146,-81.809939,"DE SOTO"
"301","MS","GRENADA",1,33.786016,-89.845462,"GRENADA"
"302","MS","HINDS",2,32.406956,-90.46141,"HINDS"
"303","MS","ITAWAMBA",1,34.276489,-88.355013,"ITAWAMBA"
"304","MS","JACKSON",1,34.799983,-85.803464,"JACKSON"
"305","MS","MADISON",1,34.719303,-86.475425,"MADISON"
"306","MS","WINSTON",1,34.229897,-87.358538,"WINSTON"
"307","MT","LINCOLN",1,34.024648,-91.626178,"LINCOLN"
"308","MT","PARK",1,39.297972,-106.063548,"PARK"
"309","MT","YELLOWSTONE",1,45.929056,-108.688831,"YELLOWSTONE"
"310","NC","BUNCOMBE",2,35.628016,-82.556751,"BUNCOMBE"
"311","NC","BURKE",1,33.05387,-81.684489,"BURKE"
"312","NC","CABARRUS",1,35.371633,-80.562141,"CABARRUS"
"313","NC","CATAWBA",2,35.758221,-81.308224,"CATAWBA"
"314","NC","CUMBERLAND",1,39.274017,-88.124598,"CUMBERLAND"
"315","NC","DARE",1,35.776474,-75.635823,"DARE"
"316","NC","DAVIDSON",1,35.608108,-80.144554,"DAVIDSON"
"317","NC","DURHAM",2,36.09206,-78.885147,"DURHAM"
"318","NC","FORSYTH",2,34.193041,-84.092588,"FORSYTH"
"319","NC","GRANVILLE",1,36.451463,-78.566691,"GRANVILLE"
"320","NC","GUILFORD",1,36.193624,-79.674079,"GUILFORD"
"321","NC","HENDERSON",3,40.853583,-90.864536,"HENDERSON"
"322","NC","LEE",1,32.621147,-85.392878,"LEE"
"323","NC","LENOIR",1,35.220079,-77.615508,"LENOIR"
"324","NC","LINCOLN",1,34.024648,-91.626178,"LINCOLN"
"325","NC","MECKLENBURG",4,35.473286,-80.872585,"MECKLENBURG"
"326","NC","MOORE",1,35.326471,-79.548614,"MOORE"
"327","NC","NASH",1,35.902088,-77.874947,"NASH"
"328","NC","NEW HANOVER",1,34.163503,-77.95481,"NEW HANOVER"
"329","NC","ORANGE",3,33.640302,-117.769442,"ORANGE"
"330","NC","PITT",1,35.584685,-77.513357,"PITT"
"331","NC","ROCKINGHAM",1,36.348831,-79.894851,"ROCKINGHAM"
"332","NC","ROWAN",1,38.128726,-83.442495,"ROWAN"
"333","NC","RUTHERFORD",1,35.440832,-81.789415,"RUTHERFORD"
"334","NC","SURRY",3,36.385903,-80.589507,"SURRY"
"335","NC","UNION",1,33.266043,-92.597514,"UNION"
"336","NC","WAKE",1,35.748012,-78.834012,"WAKE"
"337","NC","WILSON",1,37.525023,-95.661801,"WILSON"
"338","ND","CASS",1,41.390677,-94.813882,"CASS"
"339","ND","MCLEAN",1,40.462041,-88.850396,"MCLEAN"
"340","ND","PEMBINA",1,48.874863,-97.42543,"PEMBINA"
"341","NE","DOUGLAS",3,39.374779,-104.849988,"DOUGLAS"
"342","NE","HALL",1,34.334398,-83.837912,"HALL"
"343","NE","KEARNEY",1,40.50339,-99.091654,"KEARNEY"
"344","NE","KIMBALL",1,41.232626,-103.891757,"KIMBALL"
"345","NE","LANCASTER",2,40.664491,-96.518083,"LANCASTER"
"346","NE","RED WILLOW",1,40.207969,-100.620628,"RED WILLOW"
"347","NE","SALINE",1,34.509071,-92.482828,"SALINE"
"348","NH","BELKNAP",3,43.417369,-71.373189,"BELKNAP"
"349","NH","HILLSBOROUGH",1,27.764761,-82.273409,"HILLSBOROUGH"
"350","NH","MERRIMACK",1,43.065097,-71.443616,"MERRIMACK"
"351","NH","ROCKINGHAM",4,36.348831,-79.894851,"ROCKINGHAM"
"352","NJ","BERGEN",4,40.820541,-73.98782,"BERGEN"
"353","NJ","BURLINGTON",3,40.049948,-74.917061,"BURLINGTON"
"354","NJ","CAMDEN",1,30.804684,-81.627717,"CAMDEN"
"355","NJ","ESSEX",3,42.647991,-71.165685,"ESSEX"
"356","NJ","HUDSON",3,40.670858,-74.109486,"HUDSON"
"357","NJ","MERCER",3,41.197762,-90.730944,"MERCER"
"358","NJ","MIDDLESEX",4,41.349098,-72.41338,"MIDDLESEX"
"359","NJ","MORRIS",3,38.565758,-96.801336,"MORRIS"
"360","NJ","OCEAN",1,39.753858,-74.293989,"OCEAN"
"361","NJ","PASSAIC",4,40.877949,-74.141237,"PASSAIC"
"362","NJ","SOMERSET",1,37.998308,-75.818797,"SOMERSET"
"363","NJ","SUSSEX",1,38.555533,-75.186955,"SUSSEX"
"364","NJ","UNION",2,33.266043,-92.597514,"UNION"
"365","NM","DONA ANA",1,32.52512,-107.100101,"DONA ANA"
"366","NV","CLARK",3,34.055486,-93.189406,"CLARK"
"367","NV","WASHOE",1,39.239457,-119.971133,"WASHOE"
"368","NY","ALLEGANY",1,39.580691,-78.690593,"ALLEGANY"
"369","NY","BRONX",3,40.819329,-73.920355,"BRONX"
"370","NY","CATTARAUGUS",1,42.408583,-78.984391,"CATTARAUGUS"
"371","NY","CHAUTAUQUA",1,37.130234,-96.444127,"CHAUTAUQUA"
"372","NY","CHEMUNG",2,42.156516,-76.93164,"CHEMUNG"
"373","NY","COLUMBIA",2,33.112106,-93.203998,"COLUMBIA"
"374","NY","CORTLAND",1,42.565932,-75.955301,"CORTLAND"
"375","NY","DUTCHESS",1,41.826491,-73.710901,"DUTCHESS"
"376","NY","ERIE",4,43.013808,-78.525296,"ERIE"
"377","NY","FRANKLIN",2,34.373392,-87.946916,"FRANKLIN"
"378","NY","GENESEE",2,42.940019,-83.536923,"GENESEE"
"379","NY","KINGS",5,36.316529,-119.704594,"KINGS"
"380","NY","LIVINGSTON",1,41.059551,-88.417086,"LIVINGSTON"
"381","NY","MADISON",1,34.719303,-86.475425,"MADISON"
"382","NY","MONROE",10,31.56779,-87.250028,"MONROE"
"383","NY","NASSAU",7,30.521109,-81.906051,"NASSAU"
"384","NY","NEW YORK",8,40.750422,-73.996328,"NEW YORK"
"385","NY","NIAGARA",2,43.291696,-78.626944,"NIAGARA"
"386","NY","ONEIDA",3,42.234859,-112.599201,"ONEIDA"
"387","NY","ONONDAGA",2,42.823968,-76.062425,"ONONDAGA"
"388","NY","ONTARIO",1,42.813576,-77.289687,"ONTARIO"
"389","NY","ORANGE",1,33.640302,-117.769442,"ORANGE"
"390","NY","OSWEGO",1,43.310494,-76.135765,"OSWEGO"
"391","NY","OTSEGO",2,45.02396,-84.755439,"OTSEGO"
"392","NY","PUTNAM",1,29.799631,-81.627324,"PUTNAM"
"393","NY","QUEENS",8,40.745263,-73.711159,"QUEENS"
"394","NY","RENSSELAER",1,42.670645,-73.55142,"RENSSELAER"
"395","NY","RICHMOND",1,33.359709,-82.198897,"RICHMOND"
"396","NY","SCHENECTADY",2,42.859176,-73.902117,"SCHENECTADY"
"397","NY","SUFFOLK",6,42.370567,-71.026964,"SUFFOLK"
"398","NY","WAYNE",1,31.600775,-81.957787,"WAYNE"
"399","NY","WESTCHESTER",4,41.293169,-73.759033,"WESTCHESTER"
"400","OH","ASHTABULA",3,41.740136,-80.602278,"ASHTABULA"
"401","OH","COLUMBIANA",1,40.677372,-80.600629,"COLUMBIANA"
"402","OH","CUYAHOGA",6,41.456905,-81.693019,"CUYAHOGA"
"403","OH","ERIE",3,43.013808,-78.525296,"ERIE"
"404","OH","FAIRFIELD",1,41.165097,-73.129186,"FAIRFIELD"
"405","OH","FRANKLIN",2,34.373392,-87.946916,"FRANKLIN"
"406","OH","HAMILTON",2,30.495814,-82.985428,"HAMILTON"
"407","OH","HANCOCK",1,33.257068,-83.08922,"HANCOCK"
"408","OH","HURON",1,43.79455,-82.949138,"HURON"
"409","OH","JEFFERSON",2,33.578097,-86.987228,"JEFFERSON"
"410","OH","LAKE",2,38.946476,-122.657017,"LAKE"
"411","OH","LOGAN",1,35.130561,-93.749342,"LOGAN"
"412","OH","LUCAS",1,41.046868,-93.309464,"LUCAS"
"413","OH","MAHONING",4,41.034545,-80.928626,"MAHONING"
"414","OH","MARION",1,34.16493,-87.739592,"MARION"
"415","OH","MONTGOMERY",2,32.310624,-86.186132,"MONTGOMERY"
"416","OH","MORGAN",1,34.549833,-86.995551,"MORGAN"
"417","OH","MUSKINGUM",2,39.927415,-82.004058,"MUSKINGUM"
"418","OH","PREBLE",1,39.594686,-84.54682,"PREBLE"
"419","OH","PUTNAM",1,29.799631,-81.627324,"PUTNAM"
"420","OH","SCIOTO",1,38.650439,-82.802128,"SCIOTO"
"421","OH","STARK",1,41.176471,-89.657789,"STARK"
"422","OH","SUMMIT",1,39.475323,-106.022472,"SUMMIT"
"423","OH","TRUMBULL",1,41.376806,-80.866704,"TRUMBULL"
"424","OH","VAN WERT",1,40.896997,-84.716607,"VAN WERT"
"425","OH","WILLIAMS",1,48.405038,-103.407189,"WILLIAMS"
"426","OK","CARTER",1,38.433912,-83.133597,"CARTER"
"427","OK","CHEROKEE",1,34.359072,-85.611793,"CHEROKEE"
"428","OK","COMANCHE",2,37.25486,-99.322574,"COMANCHE"
"429","OK","CREEK",1,35.835606,-96.303922,"CREEK"
"430","OK","GARVIN",1,34.836481,-97.51668,"GARVIN"
"431","OK","OKLAHOMA",2,35.674777,-97.499681,"OKLAHOMA"
"432","OK","PAWNEE",2,38.13957,-99.385256,"PAWNEE"
"433","OK","PONTOTOC",1,34.171543,-89.032791,"PONTOTOC"
"434","OK","TULSA",4,35.93345,-95.877617,"TULSA"
"435","OR","CLACKAMAS",1,45.247636,-122.468991,"CLACKAMAS"
"436","OR","COOS",1,44.512344,-71.194226,"COOS"
"437","OR","DOUGLAS",1,39.374779,-104.849988,"DOUGLAS"
"438","OR","JACKSON",1,34.799983,-85.803464,"JACKSON"
"439","OR","LANE",1,38.474188,-100.464651,"LANE"
"440","OR","LINN",1,42.157086,-91.645825,"LINN"
"441","OR","MULTNOMAH",5,45.582981,-122.101103,"MULTNOMAH"
"442","OR","UNION",1,33.266043,-92.597514,"UNION"
"443","OR","WASHINGTON",1,31.406683,-88.175846,"WASHINGTON"
"444","OR","YAMHILL",2,45.121454,-123.191368,"YAMHILL"
"445","PA","ALLEGHENY",5,40.493128,-79.903121,"ALLEGHENY"
"446","PA","ARMSTRONG",1,40.847829,-79.451575,"ARMSTRONG"
"447","PA","BEAVER",2,36.750783,-100.478393,"BEAVER"
"448","PA","BLAIR",3,40.489433,-78.349874,"BLAIR"
"449","PA","BRADFORD",1,29.968926,-82.122553,"BRADFORD"
"450","PA","BUTLER",3,31.642713,-86.734317,"BUTLER"
"451","PA","CAMBRIA",1,40.658721,-78.794582,"CAMBRIA"
"452","PA","CARBON",1,45.161913,-109.158349,"CARBON"
"453","PA","CHESTER",4,40.040057,-75.488793,"CHESTER"
"454","PA","CLEARFIELD",1,41.054375,-78.41095,"CLEARFIELD"
"455","PA","CRAWFORD",1,35.479157,-94.193334,"CRAWFORD"
"456","PA","CUMBERLAND",2,39.274017,-88.124598,"CUMBERLAND"
"457","PA","DAUPHIN",1,40.600992,-76.811693,"DAUPHIN"
"458","PA","DELAWARE",1,42.457286,-91.564233,"DELAWARE"
"459","PA","ERIE",1,43.013808,-78.525296,"ERIE"
"460","PA","HUNTINGDON",1,40.54851,-78.095064,"HUNTINGDON"
"461","PA","INDIANA",1,40.542875,-79.397809,"INDIANA"
"462","PA","LANCASTER",1,40.664491,-96.518083,"LANCASTER"
"463","PA","LEBANON",1,40.352637,-76.435873,"LEBANON"
"464","PA","LEHIGH",1,40.514472,-75.602941,"LEHIGH"
"465","PA","LUZERNE",3,40.964584,-76.008333,"LUZERNE"
"466","PA","MERCER",2,41.197762,-90.730944,"MERCER"
"467","PA","MONTGOMERY",6,32.310624,-86.186132,"MONTGOMERY"
"468","PA","NORTHUMBERLND",2,40.894363,-76.596151,"NORTHUMBERLND"
"469","PA","PHILADELPHIA",8,40.001811,-75.11787,"PHILADELPHIA"
"470","PA","PIKE",2,31.839131,-85.928538,"PIKE"
"471","PA","POTTER",1,41.615099,-77.957975,"POTTER"
"472","PA","WASHINGTON",1,31.406683,-88.175846,"WASHINGTON"
"473","PA","WAYNE",1,31.600775,-81.957787,"WAYNE"
"474","PA","YORK",2,43.279539,-70.740013,"YORK"
"475","RI","PROVIDENCE",1,41.954098,-71.462053,"PROVIDENCE"
"476","SC","ANDERSON",1,38.213685,-95.299014,"ANDERSON"
"477","SC","BEAUFORT",2,35.373666,-76.861978,"BEAUFORT"
"478","SC","CHARLESTON",1,32.780326,-79.940844,"CHARLESTON"
"479","SC","DILLON",1,34.422187,-79.341359,"DILLON"
"480","SC","EDGEFIELD",1,33.767808,-81.987524,"EDGEFIELD"
"481","SC","FLORENCE",1,33.937811,-79.903726,"FLORENCE"
"482","SC","GEORGETOWN",1,33.439327,-79.367525,"GEORGETOWN"
"483","SC","GREENVILLE",2,34.848567,-82.402871,"GREENVILLE"
"484","SC","HORRY",2,33.939968,-79.041027,"HORRY"
"485","SC","JASPER",1,33.431362,-83.790756,"JASPER"
"486","SC","LEXINGTON",1,33.871866,-81.414643,"LEXINGTON"
"487","SC","OCONEE",2,33.805718,-83.48171,"OCONEE"
"488","SC","RICHLAND",1,38.65,-88.047886,"RICHLAND"
"489","SC","SPARTANBURG",1,35.011309,-81.993403,"SPARTANBURG"
"490","SD","HUTCHINSON",1,43.321384,-97.547869,"HUTCHINSON"
"491","SD","TURNER",1,31.723074,-83.644063,"TURNER"
"492","TN","BLOUNT",1,33.922162,-86.449262,"BLOUNT"
"493","TN","BRADLEY",3,33.566349,-92.240352,"BRADLEY"
"494","TN","COCKE",1,36.104208,-83.121619,"COCKE"
"495","TN","CUMBERLAND",1,39.274017,-88.124598,"CUMBERLAND"
"496","TN","DAVIDSON",1,35.608108,-80.144554,"DAVIDSON"
"497","TN","DICKSON",2,36.039122,-87.26284,"DICKSON"
"498","TN","FENTRESS",1,36.381838,-84.775579,"FENTRESS"
"499","TN","GRUNDY",1,42.260476,-92.806788,"GRUNDY"
"500","TN","HAMILTON",1,30.495814,-82.985428,"HAMILTON"
"501","TN","HENRY",1,31.559402,-85.222965,"HENRY"
"502","TN","KNOX",1,40.964613,-90.213654,"KNOX"
"503","TN","LAUDERDALE",1,34.942388,-87.273375,"LAUDERDALE"
"504","TN","LAWRENCE",1,34.673954,-87.28962,"LAWRENCE"
"505","TN","LINCOLN",1,34.024648,-91.626178,"LINCOLN"
"506","TN","MAURY",1,35.712381,-86.901661,"MAURY"
"507","TN","OBION",1,36.35288,-89.333345,"OBION"
"508","TN","ROBERTSON",2,38.531698,-84.035565,"ROBERTSON"
"509","TN","RUTHERFORD",1,35.440832,-81.789415,"RUTHERFORD"
"510","TN","SEVIER",2,33.837053,-94.120289,"SEVIER"
"511","TN","SULLIVAN",1,38.966806,-87.384354,"SULLIVAN"
"512","TN","UNION",1,33.266043,-92.597514,"UNION"
"513","TX","BASTROP",1,30.140905,-97.313592,"BASTROP"
"514","TX","BAYLOR",1,33.620131,-99.263681,"BAYLOR"
"515","TX","BELL",2,36.714629,-83.64046,"BELL"
"516","TX","BEXAR",3,29.279376,-98.735851,"BEXAR"
"517","TX","BLANCO",1,30.137027,-98.419985,"BLANCO"
"518","TX","BOWIE",1,33.411321,-94.177354,"BOWIE"
"519","TX","BRAZORIA",3,28.995948,-95.520413,"BRAZORIA"
"520","TX","CARSON",1,35.276741,-101.232275,"CARSON"
"521","TX","COLLIN",1,33.208033,-96.646773,"COLLIN"
"522","TX","COMAL",2,29.881355,-98.408614,"COMAL"
"523","TX","COOKE",1,33.490924,-97.313913,"COOKE"
"524","TX","DALLAS",9,32.43372,-87.055532,"DALLAS"
"525","TX","DE WITT",1,29.093677,-97.260776,"DE WITT"
"526","TX","EASTLAND",1,32.228414,-98.819663,"EASTLAND"
"527","TX","ECTOR",1,31.981472,-102.615727,"ECTOR"
"528","TX","EL PASO",2,39.086393,-104.807666,"EL PASO"
"529","TX","FANNIN",1,34.831246,-84.331339,"FANNIN"
"530","TX","GALVESTON",2,29.403211,-95.073408,"GALVESTON"
"531","TX","GRAYSON",1,37.552184,-86.483592,"GRAYSON"
"532","TX","HALE",1,32.855347,-87.721868,"HALE"
"533","TX","HARRIS",15,32.661625,-84.855447,"HARRIS"
"534","TX","HAYS",1,30.108361,-97.989275,"HAYS"
"535","TX","HIDALGO",3,32.055007,-108.62913,"HIDALGO"
"536","TX","HOPKINS",1,37.220571,-87.624098,"HOPKINS"
"537","TX","JEFFERSON",3,33.578097,-86.987228,"JEFFERSON"
"538","TX","KARNES",1,28.944864,-97.882815,"KARNES"
"539","TX","KAUFMAN",1,32.661312,-96.444347,"KAUFMAN"
"540","TX","LAMB",1,34.237177,-102.36276,"LAMB"
"541","TX","LEON",1,30.418514,-84.203379,"LEON"
"542","TX","LUBBOCK",2,33.593715,-101.814803,"LUBBOCK"
"543","TX","MADISON",1,34.719303,-86.475425,"MADISON"
"544","TX","MC LENNAN",2,31.308813,-97.277397,"MC LENNAN"
"545","TX","MONTGOMERY",2,32.310624,-86.186132,"MONTGOMERY"
"546","TX","NACOGDOCHES",1,31.714047,-94.841773,"NACOGDOCHES"
"547","TX","NAVARRO",1,32.036797,-96.666279,"NAVARRO"
"548","TX","PANOLA",1,34.343102,-89.956497,"PANOLA"
"549","TX","PARKER",1,32.681918,-97.779522,"PARKER"
"550","TX","POLK",2,34.537164,-94.0972,"POLK"
"551","TX","ROCKWALL",1,32.886,-96.409502,"ROCKWALL"
"552","TX","SAN PATRICIO",1,27.912454,-97.188437,"SAN PATRICIO"
"553","TX","SMITH",1,39.766784,-98.919297,"SMITH"
"554","TX","STARR",1,26.421394,-98.848757,"STARR"
"555","TX","TARRANT",10,32.771419,-97.291484,"TARRANT"
"556","TX","TERRY",1,33.172013,-102.335299,"TERRY"
"557","TX","TOM GREEN",2,31.349348,-100.494912,"TOM GREEN"
"558","TX","TRAVIS",3,30.326374,-97.771258,"TRAVIS"
"559","TX","WICHITA",2,38.477827,-101.293036,"WICHITA"
"560","TX","WILBARGER",1,34.118913,-99.033787,"WILBARGER"
"561","TX","WILLIAMSON",1,37.80308,-89.009201,"WILLIAMSON"
"562","TX","WISE",1,33.111268,-97.638617,"WISE"
"563","TX","WOOD",1,41.376449,-83.613714,"WOOD"
"564","UT","UTAH",1,40.395796,-111.803101,"UTAH"
"565","UT","WEBER",1,41.178743,-112.052525,"WEBER"
"566","VA","CHESTERFIELD",2,34.470238,-80.256814,"CHESTERFIELD"
"567","VA","DANVILLE CITY",1,36.603501,-79.376228,"DANVILLE CITY"
"568","VA","FAIRFAX",1,38.84479,-77.46701,"FAIRFAX"
"569","VA","FAUQUIER",1,38.840456,-77.891136,"FAUQUIER"
"570","VA","FLUVANNA",1,37.893119,-78.338579,"FLUVANNA"
"571","VA","HALIFAX",1,36.279884,-77.723443,"HALIFAX"
"572","VA","HAMPTON CITY",1,37.072658,-76.38992,"HAMPTON CITY"
"573","VA","HENRY",1,31.559402,-85.222965,"HENRY"
"574","VA","MADISON",1,34.719303,-86.475425,"MADISON"
"575","VA","MECKLENBURG",1,35.473286,-80.872585,"MECKLENBURG"
"576","VA","NORFOLK CITY",2,36.895911,-76.208521,"NORFOLK CITY"
"577","VA","ORANGE",1,33.640302,-117.769442,"ORANGE"
"578","VA","PETERSBURG CITY",1,37.21713,-77.389253,"PETERSBURG CITY"
"579","VA","PRINCE WILLIAM",1,38.734255,-77.547383,"PRINCE WILLIAM"
"580","VA","ROANOKE CITY",2,37.274175,-79.95786,"ROANOKE CITY"
"581","VA","RUSSELL",1,32.286092,-85.161497,"RUSSELL"
"582","VA","SALEM CITY",1,37.28814,-80.067762,"SALEM CITY"
"583","VA","SUFFOLK CITY",1,36.874916,-76.553061,"SUFFOLK CITY"
"584","VA","TAZEWELL",2,40.425189,-89.62064,"TAZEWELL"
"585","VA","VIRGINIA BEACH CITY",1,36.844004,-76.12036,"VIRGINIA BEACH CITY"
"586","VA","WAYNESBORO CITY",1,38.065794,-78.903445,"WAYNESBORO CITY"
"587","VA","WYTHE",1,36.854655,-80.922512,"WYTHE"
"588","VT","CHITTENDEN",1,44.507404,-73.151384,"CHITTENDEN"
"589","VT","ORLEANS",1,29.958304,-90.077,"ORLEANS"
"590","VT","RUTLAND",1,43.630346,-72.93586,"RUTLAND"
"591","VT","WINDHAM",1,41.845504,-72.091889,"WINDHAM"
"592","WA","BENTON",2,36.397805,-94.043837,"BENTON"
"593","WA","CLALLAM",1,48.006094,-124.360572,"CLALLAM"
"594","WA","CLARK",1,34.055486,-93.189406,"CLARK"
"595","WA","COWLITZ",1,46.379714,-123.056039,"COWLITZ"
"596","WA","FRANKLIN",1,34.373392,-87.946916,"FRANKLIN"
"597","WA","KING",5,33.616572,-100.254835,"KING"
"598","WA","KITSAP",1,47.680763,-122.576199,"KITSAP"
"599","WA","MASON",1,40.305929,-89.8716,"MASON"
"600","WA","PIERCE",2,31.326324,-82.271206,"PIERCE"
"601","WA","SKAGIT",2,48.499172,-122.607111,"SKAGIT"
"602","WA","SNOHOMISH",3,47.840068,-122.197238,"SNOHOMISH"
"603","WA","SPOKANE",1,47.643803,-117.59205,"SPOKANE"
"604","WA","STEVENS",1,37.243161,-101.281684,"STEVENS"
"605","WA","THURSTON",1,42.146597,-96.545297,"THURSTON"
"606","WA","YAKIMA",1,46.644476,-120.725557,"YAKIMA"
"607","WI","ASHLAND",1,40.826965,-82.296131,"ASHLAND"
"608","WI","BARRON",1,45.405423,-91.828102,"BARRON"
"609","WI","BAYFIELD",1,46.853517,-90.915934,"BAYFIELD"
"610","WI","GRANT",1,34.152591,-92.304314,"GRANT"
"611","WI","GREEN LAKE",1,43.679317,-89.186656,"GREEN LAKE"
"612","WI","JEFFERSON",1,33.578097,-86.987228,"JEFFERSON"
"613","WI","KENOSHA",1,42.58098,-87.662878,"KENOSHA"
"614","WI","MILWAUKEE",4,42.948015,-87.866831,"MILWAUKEE"
"615","WI","OCONTO",1,44.792284,-88.044067,"OCONTO"
"616","WI","ONEIDA",1,42.234859,-112.599201,"ONEIDA"
"617","WI","OUTAGAMIE",3,44.470235,-88.454719,"OUTAGAMIE"
"618","WI","PRICE",1,45.451541,-90.287732,"PRICE"
"619","WI","SHEBOYGAN",1,43.658488,-87.973717,"SHEBOYGAN"
"620","WI","WALWORTH",1,45.29069,-99.991823,"WALWORTH"
"621","WI","WASHINGTON",2,31.406683,-88.175846,"WASHINGTON"
"622","WI","WAUKESHA",1,43.062707,-88.105906,"WAUKESHA"
"623","WI","WINNEBAGO",1,43.37731,-93.803062,"WINNEBAGO"
"624","WV","BERKELEY",2,33.192514,-80.03063,"BERKELEY"
"625","WV","HARRISON",1,41.779196,-95.716392,"HARRISON"
"626","WV","LEWIS",1,46.269379,-116.539248,"LEWIS"
"627","WV","LINCOLN",1,34.024648,-91.626178,"LINCOLN"
"628","WV","MONONGALIA",1,39.609911,-79.983141,"MONONGALIA"
"629","WV","RANDOLPH",1,33.456308,-85.369167,"RANDOLPH"
"630","WY","ALBANY",1,42.482455,-73.936671,"ALBANY"
"631","WY","SWEETWATER",1,42.239404,-107.558882,"SWEETWATER"
